GameId,GameDate,Quarter,Minute,Second,OffenseTeam,DefenseTeam,Down,ToGo,YardLine,Unnamed: 10,SeriesFirstDown,Unnamed: 12,NextScore,Description,TeamWin,Unnamed: 16,Unnamed: 17,SeasonYear,Yards,Formation,PlayType,IsRush,IsPass,IsIncomplete,IsTouchdown,PassType,IsSack,IsChallenge,IsChallengeReversed,Challenger,IsMeasurement,IsInterception,IsFumble,IsPenalty,IsTwoPointConversion,IsTwoPointConversionSuccessful,RushDirection,YardLineFixed,YardLineDirection,IsPenaltyAccepted,PenaltyTeam,IsNoPlay,PenaltyType,PenaltyYards
2020091302,9/13/20,1,13,44,BUF,NYJ,1,10,46,,0,,0,(13:44) (SHOTGUN) 17-J.ALLEN PASS SHORT LEFT TO 13-G.DAVIS PUSHED OB AT BUF 49 FOR 3 YARDS (20-M.MAYE).,0,,,2020,3,SHOTGUN,PASS,0,1,0,0,SHORT LEFT,0,0,0,,0,0,0,0,0,0,,46,OWN,0,,0,,0
2020091302,9/13/20,1,13,17,BUF,NYJ,2,7,49,,0,,0,(13:17) (SHOTGUN) 17-J.ALLEN PASS SHORT LEFT TO 14-S.DIGGS TO NYJ 46 FOR 5 YARDS (31-B.AUSTIN).,0,,,2020,5,SHOTGUN,PASS,0,1,0,0,SHORT LEFT,0,0,0,,0,0,0,0,0,0,,49,OWN,0,,0,,0
2020091302,9/13/20,1,12,49,BUF,NYJ,3,2,54,,1,,0,"(12:49) (NO HUDDLE, SHOTGUN) 17-J.ALLEN PASS SHORT LEFT TO 14-S.DIGGS PUSHED OB AT NYJ 42 FOR 4 YARDS (31-B.AUSTIN). NYJ-53-B.CASHMAN WAS INJURED DURING THE PLAY.",0,,,2020,4,NO HUDDLE SHOTGUN,PASS,0,1,0,0,SHORT LEFT,0,0,0,,0,0,0,0,0,0,,46,OPP,0,,0,,0
2020091302,9/13/20,1,12,29,BUF,NYJ,1,10,58,,0,,0,(12:29) (SHOTGUN) 17-J.ALLEN LEFT END TO NYJ 45 FOR -3 YARDS (31-B.AUSTIN).,0,,,2020,-3,SHOTGUN,RUSH,1,0,0,0,,0,0,0,,0,0,0,0,0,0,LEFT END,42,OPP,0,,0,,0
2020091302,9/13/20,1,11,58,BUF,NYJ,2,13,55,,0,,0,"(11:58) (NO HUDDLE, SHOTGUN) 17-J.ALLEN LEFT GUARD PUSHED OB AT NYJ 33 FOR 12 YARDS (30-B.MCDOUGALD).",0,,,2020,12,NO HUDDLE SHOTGUN,RUSH,1,0,0,0,,0,0,0,,0,0,0,0,0,0,LEFT GUARD,45,OPP,0,,0,,0
2020091302,9/13/20,1,11,42,BUF,NYJ,3,1,67,,1,,0,"(11:42) (NO HUDDLE, SHOTGUN) 17-J.ALLEN RIGHT TACKLE TO NYJ 27 FOR 6 YARDS (20-M.MAYE). FUMBLES (20-M.MAYE), RECOVERED BY NYJ-30-B.MCDOUGALD AT NYJ 21. 30-B.MCDOUGALD TO NYJ 19 FOR -2 YARDS (26-D.SINGLETARY).",0,,,2020,6,NO HUDDLE SHOTGUN,RUSH,1,0,0,0,,0,0,0,,0,0,1,0,0,0,RIGHT TACKLE,33,OPP,0,,0,,0
2020091302,9/13/20,1,9,32,BUF,NYJ,1,10,45,,0,,0,"(9:32) 17-J.ALLEN PASS SHORT LEFT TO 26-D.SINGLETARY TO NYJ 46 FOR 9 YARDS (31-B.AUSTIN, 46-N.HEWITT).",0,,,2020,9,UNDER CENTER,PASS,0,1,0,0,SHORT LEFT,0,0,0,,0,0,0,0,0,0,,45,OWN,0,,0,,0
2020091302,9/13/20,1,8,56,BUF,NYJ,2,1,54,,1,,0,(8:56) (SHOTGUN) 17-J.ALLEN LEFT TACKLE PUSHED OB AT NYJ 37 FOR 9 YARDS (20-M.MAYE).,0,,,2020,9,SHOTGUN,RUSH,1,0,0,0,,0,0,0,,0,0,0,0,0,0,LEFT TACKLE,46,OPP,0,,0,,0
2020091302,9/13/20,1,8,19,BUF,NYJ,1,10,63,,1,,0,(8:19) (SHOTGUN) 17-J.ALLEN PASS SHORT RIGHT TO 15-J.BROWN TO NYJ 20 FOR 17 YARDS (34-B.POOLE).,0,,,2020,17,SHOTGUN,PASS,0,1,0,0,SHORT RIGHT,0,0,0,,0,0,0,0,0,0,,37,OPP,0,,0,,0
2020091302,9/13/20,1,7,46,BUF,NYJ,1,10,80,,1,,0,(7:46) (SHOTGUN) 17-J.ALLEN PASS SHORT LEFT TO 88-D.KNOX TO NYJ 9 FOR 11 YARDS (35-P.DESIR).,0,,,2020,11,SHOTGUN,PASS,0,1,0,0,SHORT LEFT,0,0,0,,0,0,0,0,0,0,,20,OPP,0,,0,,0
2020091302,9/13/20,1,7,9,BUF,NYJ,1,9,91,,0,,0,(7:09) (SHOTGUN) 17-J.ALLEN PASS SHORT LEFT TO 15-J.BROWN TO NYJ 4 FOR 5 YARDS (30-B.MCDOUGALD).,0,,,2020,5,SHOTGUN,PASS,0,1,0,0,SHORT LEFT,0,0,0,,0,0,0,0,0,0,,9,OPP,0,,0,,0
2020091302,9/13/20,1,6,31,BUF,NYJ,2,4,96,,0,,0,"(6:31) (SHOTGUN) 20-Z.MOSS RIGHT GUARD TO NYJ 5 FOR -1 YARDS (34-B.POOLE, 35-P.DESIR).",0,,,2020,-1,SHOTGUN,RUSH,1,0,0,0,,0,0,0,,0,0,0,0,0,0,RIGHT GUARD,4,OPP,0,,0,,0
2020091302,9/13/20,1,5,44,BUF,NYJ,1,2,98,,1,,0,"(5:44) 17-J.ALLEN LEFT END FOR 2 YARDS, TOUCHDOWN.",0,,,2020,2,UNDER CENTER,RUSH,1,0,0,1,,0,0,0,,0,0,0,0,0,0,LEFT END,2,OPP,0,,0,,0
2020091302,9/13/20,1,5,8,BUF,NYJ,1,10,18,,0,,0,(5:08) (SHOTGUN) 17-J.ALLEN PASS INCOMPLETE SHORT LEFT TO 26-D.SINGLETARY.,0,,,2020,0,SHOTGUN,PASS,0,1,1,0,SHORT LEFT,0,0,0,,0,0,0,0,0,0,,18,OWN,0,,0,,0
2020091302,9/13/20,1,4,58,BUF,NYJ,1,10,51,,1,,0,(4:58) 17-J.ALLEN PASS DEEP RIGHT TO 15-J.BROWN TO NYJ 29 FOR 20 YARDS (30-B.MCDOUGALD).,0,,,2020,20,UNDER CENTER,PASS,0,1,0,0,DEEP RIGHT,0,0,0,,0,0,0,0,0,0,,49,OPP,0,,0,,0
2020091302,9/13/20,1,4,9,BUF,NYJ,1,10,71,,0,,0,(4:09) (SHOTGUN) 17-J.ALLEN UP THE MIDDLE TO NYJ 25 FOR 4 YARDS (34-B.POOLE).,0,,,2020,4,SHOTGUN,RUSH,1,0,0,0,,0,0,0,,0,0,0,0,0,0,CENTER,29,OPP,0,,0,,0
2020091302,9/13/20,1,3,30,BUF,NYJ,2,6,75,,1,,0,(3:30) 17-J.ALLEN SCRAMBLES RIGHT END RAN OB AT NYJ 9 FOR 16 YARDS (30-B.MCDOUGALD).,0,,,2020,16,UNDER CENTER,SCRAMBLE,1,0,0,0,,0,0,0,,0,0,0,0,0,0,,25,OPP,0,,0,,0
2020091302,9/13/20,1,2,48,BUF,NYJ,1,9,91,,0,,0,(2:48) 17-J.ALLEN PASS INCOMPLETE SHORT LEFT TO 88-D.KNOX.,0,,,2020,0,UNDER CENTER,PASS,0,1,1,0,SHORT LEFT,0,0,0,,0,0,0,0,0,0,,9,OPP,0,,0,,0
2020091302,9/13/20,1,2,41,BUF,NYJ,2,4,96,,1,,0,"(2:41) 17-J.ALLEN PASS SHORT RIGHT TO 20-Z.MOSS FOR 4 YARDS, TOUCHDOWN.",0,,,2020,4,UNDER CENTER,PASS,0,1,0,1,SHORT RIGHT,0,0,0,,0,0,0,0,0,0,,4,OPP,0,,0,,0
2020091302,9/13/20,2,14,46,BUF,NYJ,1,10,32,,1,,0,(14:46) (SHOTGUN) 17-J.ALLEN PASS SHORT RIGHT TO 14-S.DIGGS PUSHED OB AT BUF 43 FOR 11 YARDS (35-P.DESIR).,0,,,2020,11,SHOTGUN,PASS,0,1,0,0,SHORT RIGHT,0,0,0,,0,0,0,0,0,0,,32,OWN,0,,0,,0
2020091302,9/13/20,2,14,12,BUF,NYJ,1,10,43,,0,,0,(14:12) (SHOTGUN) 26-D.SINGLETARY UP THE MIDDLE TO BUF 43 FOR NO GAIN (20-M.MAYE).,0,,,2020,0,SHOTGUN,RUSH,1,0,0,0,,0,0,0,,0,0,0,0,0,0,CENTER,43,OWN,0,,0,,0
2020091302,9/13/20,2,13,30,BUF,NYJ,2,10,43,,0,,0,(13:30) (SHOTGUN) 17-J.ALLEN PASS SHORT MIDDLE TO 11-C.BEASLEY TO BUF 48 FOR 5 YARDS (50-F.LUVU).,0,,,2020,5,SHOTGUN,PASS,0,1,0,0,SHORT MIDDLE,0,0,0,,0,0,0,0,0,0,,43,OWN,0,,0,,0
2020091302,9/13/20,2,12,44,BUF,NYJ,3,5,48,,0,,0,(12:44) (SHOTGUN) 17-J.ALLEN PASS SHORT MIDDLE TO 20-Z.MOSS TO NYJ 48 FOR 4 YARDS (50-F.LUVU).,0,,,2020,4,SHOTGUN,PASS,0,1,0,0,SHORT MIDDLE,0,0,0,,0,0,0,0,0,0,,48,OWN,0,,0,,0
2020091302,9/13/20,2,12,2,BUF,NYJ,4,1,52,,1,,0,(12:02) (SHOTGUN) 17-J.ALLEN LEFT GUARD TO NYJ 45 FOR 3 YARDS (96-H.ANDERSON; 95-Q.WILLIAMS).,0,,,2020,3,SHOTGUN,RUSH,1,0,0,0,,0,0,0,,0,0,0,0,0,0,LEFT GUARD,48,OPP,0,,0,,0
2020091302,9/13/20,2,11,23,BUF,NYJ,1,10,55,,0,,0,(11:23) (SHOTGUN) 17-J.ALLEN PASS SHORT LEFT TO 20-Z.MOSS TO NYJ 37 FOR 8 YARDS (93-T.BASHAM).,0,,,2020,8,SHOTGUN,PASS,0,1,0,0,SHORT LEFT,0,0,0,,0,0,0,0,0,0,,45,OPP,0,,0,,0
2020091302,9/13/20,2,10,36,BUF,NYJ,2,2,63,,0,,0,(10:36) (SHOTGUN) 17-J.ALLEN LEFT END TO NYJ 39 FOR -2 YARDS (48-J.JENKINS; 95-Q.WILLIAMS). OPTION PLAY,0,,,2020,-2,SHOTGUN,RUSH,1,0,0,0,,0,0,0,,0,0,0,0,0,0,LEFT END,37,OPP,0,,0,,0
2020091302,9/13/20,2,9,50,BUF,NYJ,1,10,66,,0,,0,(9:50) 17-J.ALLEN PASS INCOMPLETE SHORT MIDDLE TO 15-J.BROWN (46-N.HEWITT). PASS DEFLECTED AT LINE.,0,,,2020,0,UNDER CENTER,PASS,0,1,1,0,SHORT MIDDLE,0,0,0,,0,0,0,0,0,0,,34,OPP,0,,0,,0
2020091302,9/13/20,2,9,44,BUF,NYJ,2,10,66,,0,,0,(9:44) (SHOTGUN) 17-J.ALLEN PASS INCOMPLETE SHORT LEFT TO 15-J.BROWN (20-M.MAYE). PASS DEFLECTED AT LINE.,0,,,2020,0,SHOTGUN,PASS,0,1,1,0,SHORT LEFT,0,0,0,,0,0,0,0,0,0,,34,OPP,0,,0,,0
2020091302,9/13/20,2,9,40,BUF,NYJ,3,10,66,,1,,0,(9:40) (SHOTGUN) 17-J.ALLEN PASS SHORT RIGHT TO 14-S.DIGGS TO NYJ 23 FOR 11 YARDS (35-P.DESIR).,0,,,2020,11,SHOTGUN,PASS,0,1,0,0,SHORT RIGHT,0,0,0,,0,0,0,0,0,0,,34,OPP,0,,0,,0
2020091302,9/13/20,2,8,59,BUF,NYJ,1,10,77,,0,,0,"(8:59) 17-J.ALLEN PASS SHORT RIGHT TO 26-D.SINGLETARY TO NYJ 15 FOR 8 YARDS (30-B.MCDOUGALD, 35-P.DESIR).",0,,,2020,8,UNDER CENTER,PASS,0,1,0,0,SHORT RIGHT,0,0,0,,0,0,0,0,0,0,,23,OPP,0,,0,,0
2020091302,9/13/20,2,8,16,BUF,NYJ,2,2,85,,1,,0,(8:16) (SHOTGUN) 26-D.SINGLETARY RIGHT END TO NYJ 13 FOR 2 YARDS (35-P.DESIR).,0,,,2020,2,SHOTGUN,RUSH,1,0,0,0,,0,0,0,,0,0,0,0,0,0,RIGHT END,15,OPP,0,,0,,0
2020091302,9/13/20,2,7,35,BUF,NYJ,1,10,87,,0,,0,(7:35) 20-Z.MOSS RIGHT TACKLE TO NYJ 17 FOR -4 YARDS (93-T.BASHAM).,0,,,2020,-4,UNDER CENTER,RUSH,1,0,0,0,,0,0,0,,0,0,0,0,0,0,RIGHT TACKLE,13,OPP,0,,0,,0
2020091302,9/13/20,2,6,54,BUF,NYJ,2,14,83,,1,,0,"(6:54) (SHOTGUN) 17-J.ALLEN PASS SHORT RIGHT TO 15-J.BROWN FOR 17 YARDS, TOUCHDOWN.",0,,,2020,17,SHOTGUN,PASS,0,1,0,1,SHORT RIGHT,0,0,0,,0,0,0,0,0,0,,17,OPP,0,,0,,0
2020091302,9/13/20,2,5,48,BUF,NYJ,1,10,100,,0,,0,(5:48) (SHOTGUN) 17-J.ALLEN PASS SHORT RIGHT TO 26-D.SINGLETARY PUSHED OB AT NYJ 43 FOR 7 YARDS (44-H.LANGI).,0,,,2020,7,SHOTGUN,PASS,0,1,0,0,SHORT RIGHT,0,0,0,,0,0,0,0,0,0,,0,OPP,0,,0,,0
2020091302,9/13/20,2,5,11,BUF,NYJ,2,3,57,,0,,0,(5:11) (SHOTGUN) 17-J.ALLEN PASS INCOMPLETE SHORT LEFT TO 11-C.BEASLEY.,0,,,2020,0,SHOTGUN,PASS,0,1,1,0,SHORT LEFT,0,0,0,,0,0,0,0,0,0,,43,OPP,0,,0,,0
2020091302,9/13/20,2,5,7,BUF,NYJ,3,3,57,,1,,0,(5:07) (SHOTGUN) 17-J.ALLEN PASS SHORT RIGHT TO 15-J.BROWN PUSHED OB AT NYJ 36 FOR 7 YARDS (25-N.HAIRSTON).,0,,,2020,7,SHOTGUN,PASS,0,1,0,0,SHORT RIGHT,0,0,0,,0,0,0,0,0,0,,43,OPP,0,,0,,0
2020091302,9/13/20,2,4,34,BUF,NYJ,1,10,64,,0,,0,(4:34) (SHOTGUN) 26-D.SINGLETARY UP THE MIDDLE TO NYJ 37 FOR -1 YARDS (98-K.PHILLIPS).,0,,,2020,-1,SHOTGUN,RUSH,1,0,0,0,,0,0,0,,0,0,0,0,0,0,CENTER,36,OPP,0,,0,,0
2020091302,9/13/20,2,3,55,BUF,NYJ,2,11,63,,0,,0,(3:55) (SHOTGUN) 17-J.ALLEN SCRAMBLES UP THE MIDDLE TO NYJ 33 FOR 4 YARDS (44-H.LANGI).,0,,,2020,4,SHOTGUN,SCRAMBLE,1,0,0,0,,0,0,0,,0,0,0,0,0,0,,37,OPP,0,,0,,0
2020091302,9/13/20,2,3,16,BUF,NYJ,3,7,67,,1,,0,(3:16) (SHOTGUN) 17-J.ALLEN SCRAMBLES RIGHT END PUSHED OB AT NYJ 25 FOR 8 YARDS (44-H.LANGI).,0,,,2020,8,SHOTGUN,SCRAMBLE,1,0,0,0,,0,0,0,,0,0,0,0,0,0,,33,OPP,0,,0,,0
2020091302,9/13/20,2,2,38,BUF,NYJ,1,10,75,,0,,0,(2:38) (SHOTGUN) 20-Z.MOSS RIGHT TACKLE TO NYJ 18 FOR 7 YARDS (99-S.MCLENDON).,0,,,2020,7,SHOTGUN,RUSH,1,0,0,0,,0,0,0,,0,0,0,0,0,0,RIGHT TACKLE,25,OPP,0,,0,,0
2020091302,9/13/20,2,2,0,BUF,NYJ,2,3,82,,0,,0,(2:00) 17-J.ALLEN PASS SHORT RIGHT TO 26-D.SINGLETARY RAN OB AT NYJ 18 FOR NO GAIN (93-T.BASHAM).,0,,,2020,0,UNDER CENTER,PASS,0,1,0,0,SHORT RIGHT,0,0,0,,0,0,0,0,0,0,,18,OPP,0,,0,,0
2020091302,9/13/20,2,1,54,BUF,NYJ,3,3,82,,1,,0,(1:54) (SHOTGUN) 17-J.ALLEN PASS SHORT LEFT TO 19-I.MCKENZIE TO NYJ 13 FOR 5 YARDS (34-B.POOLE).,0,,,2020,5,SHOTGUN,PASS,0,1,0,0,SHORT LEFT,0,0,0,,0,0,0,0,0,0,,18,OPP,0,,0,,0
2020091302,9/13/20,2,1,42,BUF,NYJ,1,10,87,,0,,0,(1:42) (SHOTGUN) 17-J.ALLEN PASS INCOMPLETE SHORT MIDDLE TO 14-S.DIGGS (20-M.MAYE).,0,,,2020,0,SHOTGUN,PASS,0,1,1,0,SHORT MIDDLE,0,0,0,,0,0,0,0,0,0,,13,OPP,0,,0,,0
2020091302,9/13/20,2,1,37,BUF,NYJ,2,10,87,,0,,0,"(1:37) (SHOTGUN) 17-J.ALLEN LEFT END TO NYJ 14 FOR -1 YARDS (31-B.AUSTIN). FUMBLES (31-B.AUSTIN), RECOVERED BY NYJ-55-J.WILLIS AT NYJ 12. 55-J.WILLIS TO NYJ 12 FOR NO GAIN (73-D.DAWKINS). OPTION PLAY.",0,,,2020,0,SHOTGUN,RUSH,1,0,0,0,,0,0,0,,0,0,1,0,0,0,LEFT END,13,OPP,0,,0,,0
2020091302,9/13/20,3,15,0,BUF,NYJ,1,10,25,,0,,0,(15:00) (SHOTGUN) 26-D.SINGLETARY UP THE MIDDLE TO BUF 28 FOR 3 YARDS (44-H.LANGI; 94-F.FATUKASI).,0,,,2020,3,SHOTGUN,RUSH,1,0,0,0,,0,0,0,,0,0,0,0,0,0,CENTER,25,OWN,0,,0,,0
2020091302,9/13/20,3,14,25,BUF,NYJ,2,7,28,,0,,0,(14:25) (SHOTGUN) 17-J.ALLEN PASS INCOMPLETE SHORT LEFT TO 11-C.BEASLEY.,0,,,2020,0,SHOTGUN,PASS,0,1,1,0,SHORT LEFT,0,0,0,,0,0,0,0,0,0,,28,OWN,0,,0,,0
2020091302,9/13/20,3,14,21,BUF,NYJ,3,7,28,,0,,0,(14:21) (SHOTGUN) 17-J.ALLEN SACKED AT BUF 25 FOR -3 YARDS (20-M.MAYE).,0,,,2020,-3,SHOTGUN,SACK,0,0,0,0,,1,0,0,,0,0,0,0,0,0,,28,OWN,0,,0,,0
2020091302,9/13/20,3,13,45,BUF,NYJ,4,10,25,,0,,0,"(13:45) 9-C.BOJORQUEZ PUNTS 53 YARDS TO NYJ 22, CENTER-69-R.FERGUSON, FAIR CATCH BY 10-B.BERRIOS.",0,,,2020,0,PUNT,PUNT,0,0,0,0,,0,0,0,,0,0,0,0,0,0,,25,OWN,0,,0,,0
2020091302,9/13/20,3,10,6,BUF,NYJ,1,10,36,,1,,0,(10:06) (SHOTGUN) 17-J.ALLEN PASS DEEP RIGHT TO 11-C.BEASLEY TO NYJ 35 FOR 29 YARDS (30-B.MCDOUGALD).,0,,,2020,29,SHOTGUN,PASS,0,1,0,0,DEEP RIGHT,0,0,0,,0,0,0,0,0,0,,36,OWN,0,,0,,0
2020091302,9/13/20,3,9,3,BUF,NYJ,1,20,55,,0,,0,(9:03) (SHOTGUN) 17-J.ALLEN PASS INCOMPLETE DEEP RIGHT TO 15-J.BROWN.,0,,,2020,0,SHOTGUN,PASS,0,1,1,0,DEEP RIGHT,0,0,0,,0,0,0,0,0,0,,45,OPP,0,,0,,0
2020091302,9/13/20,3,8,56,BUF,NYJ,2,20,55,,0,,0,"(8:56) (SHOTGUN) 17-J.ALLEN PASS SHORT RIGHT TO 13-G.DAVIS TO NYJ 32 FOR 13 YARDS (44-H.LANGI, 25-N.HAIRSTON).",0,,,2020,13,SHOTGUN,PASS,0,1,0,0,SHORT RIGHT,0,0,0,,0,0,0,0,0,0,,45,OPP,0,,0,,0
2020091302,9/13/20,3,8,9,BUF,NYJ,1,10,80,,0,,0,(8:09) (SHOTGUN) 20-Z.MOSS LEFT GUARD TO NYJ 17 FOR 3 YARDS (46-N.HEWITT; 97-N.SHEPHERD).,0,,,2020,3,SHOTGUN,RUSH,1,0,0,0,,0,0,0,,0,0,0,0,0,0,LEFT GUARD,20,OPP,0,,0,,0
2020091302,9/13/20,3,7,23,BUF,NYJ,2,7,83,,0,,0,(7:23) (SHOTGUN) 20-Z.MOSS RIGHT TACKLE TO NYJ 17 FOR NO GAIN (96-H.ANDERSON; 50-F.LUVU).,0,,,2020,0,SHOTGUN,RUSH,1,0,0,0,,0,0,0,,0,0,0,0,0,0,RIGHT TACKLE,17,OPP,0,,0,,0
2020091302,9/13/20,3,6,40,BUF,NYJ,3,7,83,,0,,0,(6:40) 17-J.ALLEN SACKED AT NYJ 20 FOR -3 YARDS (20-M.MAYE).,0,,,2020,-3,UNDER CENTER,SACK,0,0,0,0,,1,0,0,,0,0,0,0,0,0,,17,OPP,0,,0,,0
2020091302,9/13/20,3,6,3,BUF,NYJ,4,10,80,,0,,0,"(6:03) 2-T.BASS 38 YARD FIELD GOAL IS NO GOOD, WIDE RIGHT, CENTER-69-R.FERGUSON, HOLDER-9-C.BOJORQUEZ.",0,,,2020,0,FIELD GOAL,FIELD GOAL,0,0,0,0,,0,0,0,,0,0,0,0,0,0,,20,OPP,0,,0,,0
2020091302,9/13/20,3,5,4,BUF,NYJ,1,10,32,,0,,0,(5:04) (SHOTGUN) 17-J.ALLEN PASS SHORT LEFT TO 14-S.DIGGS PUSHED OB AT BUF 40 FOR 8 YARDS (94-F.FATUKASI).,0,,,2020,8,SHOTGUN,PASS,0,1,0,0,SHORT LEFT,0,0,0,,0,0,0,0,0,0,,32,OWN,0,,0,,0
2020091302,9/13/20,3,4,33,BUF,NYJ,2,2,40,,1,,0,(4:33) (SHOTGUN) 26-D.SINGLETARY RIGHT GUARD TO NYJ 48 FOR 12 YARDS (30-B.MCDOUGALD; 20-M.MAYE).,0,,,2020,12,SHOTGUN,RUSH,1,0,0,0,,0,0,0,,0,0,0,0,0,0,RIGHT GUARD,40,OWN,0,,0,,0
2020091302,9/13/20,3,3,53,BUF,NYJ,1,10,52,,0,,0,(3:53) (SHOTGUN) 26-D.SINGLETARY LEFT TACKLE TO 50 FOR -2 YARDS (94-F.FATUKASI).,0,,,2020,-2,SHOTGUN,RUSH,1,0,0,0,,0,0,0,,0,0,0,0,0,0,LEFT TACKLE,48,OPP,0,,0,,0
2020091302,9/13/20,3,3,24,BUF,NYJ,2,12,100,,0,,0,"(3:24) (NO HUDDLE, SHOTGUN) 17-J.ALLEN PASS SHORT MIDDLE TO 11-C.BEASLEY TO NYJ 37 FOR 13 YARDS (34-B.POOLE) [95-Q.WILLIAMS]. PENALTY ON NYJ-95-Q.WILLIAMS, ROUGHING THE PASSER, 15 YARDS, ENFORCED AT NYJ 37.",0,,,2020,13,NO HUDDLE SHOTGUN,PASS,0,1,0,0,SHORT MIDDLE,0,0,0,,0,0,0,1,0,0,,0,OPP,1,NYJ,0,ROUGHING THE PASSER,15
2020091302,9/13/20,3,2,53,BUF,NYJ,1,10,78,,0,,0,(2:53) (SHOTGUN) 17-J.ALLEN SACKED OB AT NYJ 22 FOR 0 YARDS (34-B.POOLE).,0,,,2020,0,SHOTGUN,SACK,0,0,0,0,,1,0,0,,0,0,0,0,0,0,,22,OPP,0,,0,,0
2020091302,9/13/20,3,2,19,BUF,NYJ,2,10,78,,0,,0,(2:19) (SHOTGUN) 26-D.SINGLETARY LEFT GUARD TO NYJ 16 FOR 6 YARDS (46-N.HEWITT; 34-B.POOLE).,0,,,2020,6,SHOTGUN,RUSH,1,0,0,0,,0,0,0,,0,0,0,0,0,0,LEFT GUARD,22,OPP,0,,0,,0
2020091302,9/13/20,3,1,42,BUF,NYJ,3,4,84,,0,,0,(1:42) (SHOTGUN) 17-J.ALLEN PASS INCOMPLETE SHORT LEFT TO 26-D.SINGLETARY (44-H.LANGI).,0,,,2020,0,SHOTGUN,PASS,0,1,1,0,SHORT LEFT,0,0,0,,0,0,0,0,0,0,,16,OPP,0,,0,,0
2020091302,9/13/20,3,1,37,BUF,NYJ,4,4,84,,0,,0,"(1:37) 2-T.BASS 34 YARD FIELD GOAL IS NO GOOD, WIDE RIGHT, CENTER-69-R.FERGUSON, HOLDER-9-C.BOJORQUEZ.",0,,,2020,0,FIELD GOAL,FIELD GOAL,0,0,0,0,,0,0,0,,0,0,0,0,0,0,,16,OPP,0,,0,,0
2020091302,9/13/20,4,14,27,BUF,NYJ,1,10,62,,0,,0,(14:27) (SHOTGUN) 17-J.ALLEN PASS SHORT MIDDLE TO 26-D.SINGLETARY TO NYJ 39 FOR -1 YARDS (25-N.HAIRSTON).,0,,,2020,-1,SHOTGUN,PASS,0,1,0,0,SHORT MIDDLE,0,0,0,,0,0,0,0,0,0,,38,OPP,0,,0,,0
2020091302,9/13/20,4,13,46,BUF,NYJ,2,11,61,,1,,0,(13:46) (SHOTGUN) 17-J.ALLEN PASS SHORT LEFT TO 14-S.DIGGS TO NYJ 25 FOR 14 YARDS (34-B.POOLE).,0,,,2020,14,SHOTGUN,PASS,0,1,0,0,SHORT LEFT,0,0,0,,0,0,0,0,0,0,,39,OPP,0,,0,,0
2020091302,9/13/20,4,13,0,BUF,NYJ,1,10,75,,1,,0,(13:00) (SHOTGUN) 17-J.ALLEN PASS SHORT MIDDLE TO 19-I.MCKENZIE PUSHED OB AT NYJ 15 FOR 10 YARDS (20-M.MAYE; 30-B.MCDOUGALD). TOUCH PASS UPON SNAP.,0,,,2020,10,SHOTGUN,PASS,0,1,0,0,SHORT MIDDLE,0,0,0,,0,0,0,0,0,0,,25,OPP,0,,0,,0
2020091302,9/13/20,4,12,30,BUF,NYJ,1,10,85,,0,,0,(12:30) (SHOTGUN) 17-J.ALLEN PASS INCOMPLETE SHORT RIGHT.,0,,,2020,0,SHOTGUN,PASS,0,1,1,0,SHORT RIGHT,0,0,0,,0,0,0,0,0,0,,15,OPP,0,,0,,0
2020091302,9/13/20,4,12,22,BUF,NYJ,2,10,85,,0,,0,"(12:22) (SHOTGUN) 20-Z.MOSS UP THE MIDDLE TO NYJ 15 FOR NO GAIN (96-H.ANDERSON, 20-M.MAYE).",0,,,2020,0,SHOTGUN,RUSH,1,0,0,0,,0,0,0,,0,0,0,0,0,0,CENTER,15,OPP,0,,0,,0
2020091302,9/13/20,4,11,42,BUF,NYJ,3,10,85,,1,,0,(11:42) (SHOTGUN) 17-J.ALLEN PASS SHORT RIGHT TO 14-S.DIGGS TO NYJ 4 FOR 11 YARDS (25-N.HAIRSTON).,0,,,2020,11,SHOTGUN,PASS,0,1,0,0,SHORT RIGHT,0,0,0,,0,0,0,0,0,0,,15,OPP,0,,0,,0
2020091302,9/13/20,4,10,59,BUF,NYJ,1,4,96,,0,,0,(10:59) (SHOTGUN) 17-J.ALLEN PASS INCOMPLETE SHORT MIDDLE TO 11-C.BEASLEY (34-B.POOLE).,0,,,2020,0,SHOTGUN,PASS,0,1,1,0,SHORT MIDDLE,0,0,0,,0,0,0,0,0,0,,4,OPP,0,,0,,0
2020091302,9/13/20,4,10,54,BUF,NYJ,2,4,96,,0,,0,(10:54) 17-J.ALLEN PASS INCOMPLETE SHORT LEFT TO 15-J.BROWN.,0,,,2020,0,UNDER CENTER,PASS,0,1,1,0,SHORT LEFT,0,0,0,,0,0,0,0,0,0,,4,OPP,0,,0,,0
2020091302,9/13/20,4,10,49,BUF,NYJ,3,4,96,,0,,0,"(10:49) (NO HUDDLE, SHOTGUN) 17-J.ALLEN PASS INCOMPLETE SHORT RIGHT TO 20-Z.MOSS (30-B.MCDOUGALD).",0,,,2020,0,NO HUDDLE SHOTGUN,PASS,0,1,1,0,SHORT RIGHT,0,0,0,,0,0,0,0,0,0,,4,OPP,0,,0,,0
2020091302,9/13/20,4,10,42,BUF,NYJ,4,4,96,,0,,0,"(10:42) 2-T.BASS 22 YARD FIELD GOAL IS GOOD, CENTER-69-R.FERGUSON, HOLDER-9-C.BOJORQUEZ.",0,,,2020,0,FIELD GOAL,FIELD GOAL,0,0,0,0,,0,0,0,,0,0,0,0,0,0,,4,OPP,0,,0,,0
2020091302,9/13/20,4,9,44,BUF,NYJ,1,10,36,,0,,0,(9:44) (SHOTGUN) 26-D.SINGLETARY UP THE MIDDLE TO BUF 37 FOR 1 YARD (95-Q.WILLIAMS; 46-N.HEWITT).,0,,,2020,1,SHOTGUN,RUSH,1,0,0,0,,0,0,0,,0,0,0,0,0,0,CENTER,36,OWN,0,,0,,0
2020091302,9/13/20,4,9,8,BUF,NYJ,2,14,32,,0,,0,(9:08) (SHOTGUN) 17-J.ALLEN PASS SHORT MIDDLE TO 11-C.BEASLEY TO BUF 43 FOR 11 YARDS (34-B.POOLE).,0,,,2020,11,SHOTGUN,PASS,0,1,0,0,SHORT MIDDLE,0,0,0,,0,0,0,0,0,0,,32,OWN,0,,0,,0
2020091302,9/13/20,4,8,28,BUF,NYJ,3,3,43,,1,,0,(8:28) (SHOTGUN) 17-J.ALLEN PASS SHORT RIGHT TO 15-J.BROWN TO BUF 47 FOR 4 YARDS (25-N.HAIRSTON).,0,,,2020,4,SHOTGUN,PASS,0,1,0,0,SHORT RIGHT,0,0,0,,0,0,0,0,0,0,,43,OWN,0,,0,,0
2020091302,9/13/20,4,7,50,BUF,NYJ,1,10,47,,1,,0,(7:50) 17-J.ALLEN PASS DEEP LEFT TO 14-S.DIGGS PUSHED OB AT NYJ 31 FOR 22 YARDS (31-B.AUSTIN).,0,,,2020,22,UNDER CENTER,PASS,0,1,0,0,DEEP LEFT,0,0,0,,0,0,0,0,0,0,,47,OWN,0,,0,,0
2020091302,9/13/20,4,7,15,BUF,NYJ,1,10,69,,0,,0,(7:15) (SHOTGUN) 17-J.ALLEN PASS SHORT LEFT TO 19-I.MCKENZIE PUSHED OB AT NYJ 29 FOR 2 YARDS (44-H.LANGI). TOUCH PASS.,0,,,2020,2,SHOTGUN,PASS,0,1,0,0,SHORT LEFT,0,0,0,,0,0,0,0,0,0,,31,OPP,0,,0,,0
2020091302,9/13/20,4,6,37,BUF,NYJ,2,8,71,,1,,0,(6:37) (SHOTGUN) 26-D.SINGLETARY UP THE MIDDLE TO NYJ 20 FOR 9 YARDS (31-B.AUSTIN).,0,,,2020,9,SHOTGUN,RUSH,1,0,0,0,,0,0,0,,0,0,0,0,0,0,CENTER,29,OPP,0,,0,,0
2020091302,9/13/20,4,5,30,BUF,NYJ,1,20,70,,0,,0,"(5:30) 17-J.ALLEN PASS SHORT LEFT TO 88-D.KNOX TO NYJ 15 FOR 15 YARDS (20-M.MAYE) [93-T.BASHAM]. PENALTY ON NYJ-93-T.BASHAM, ROUGHING THE PASSER, 8 YARDS, ENFORCED AT NYJ 15.",0,,,2020,15,UNDER CENTER,PASS,0,1,0,0,SHORT LEFT,0,0,0,,0,0,0,1,0,0,,30,OPP,1,NYJ,0,ROUGHING THE PASSER,8
2020091302,9/13/20,4,5,2,BUF,NYJ,1,7,93,,0,,0,(5:02) (SHOTGUN) 20-Z.MOSS LEFT TACKLE TO NYJ 4 FOR 3 YARDS (46-N.HEWITT; 31-B.AUSTIN).,0,,,2020,3,SHOTGUN,RUSH,1,0,0,0,,0,0,0,,0,0,0,0,0,0,LEFT TACKLE,7,OPP,0,,0,,0
2020091302,9/13/20,4,4,14,BUF,NYJ,2,4,96,,0,,0,(4:14) (SHOTGUN) 20-Z.MOSS LEFT TACKLE TO NYJ 3 FOR 1 YARD (46-N.HEWITT).,0,,,2020,1,SHOTGUN,RUSH,1,0,0,0,,0,0,0,,0,0,0,0,0,0,LEFT TACKLE,4,OPP,0,,0,,0
2020091302,9/13/20,4,3,31,BUF,NYJ,3,3,97,,0,,0,(3:31) (SHOTGUN) 20-Z.MOSS RIGHT GUARD TO NYJ 1 FOR 2 YARDS (46-N.HEWITT).,0,,,2020,2,SHOTGUN,RUSH,1,0,0,0,,0,0,0,,0,0,0,0,0,0,RIGHT GUARD,3,OPP,0,,0,,0
2020091302,9/13/20,4,3,18,BUF,NYJ,4,1,99,,0,,0,"(3:18) 2-T.BASS 19 YARD FIELD GOAL IS GOOD, CENTER-69-R.FERGUSON, HOLDER-9-C.BOJORQUEZ.",0,,,2020,0,FIELD GOAL,FIELD GOAL,0,0,0,0,,0,0,0,,0,0,0,0,0,0,,1,OPP,0,,0,,0
2020091302,9/13/20,4,0,53,BUF,NYJ,1,10,53,,0,,0,(:53) 17-J.ALLEN KNEELS TO NYJ 48 FOR -1 YARDS.,0,,,2020,0,UNDER CENTER,QB KNEEL,0,0,0,0,,0,0,0,,0,0,0,0,0,0,,47,OPP,0,,0,,0
2020091302,9/13/20,4,0,31,BUF,NYJ,2,11,52,,0,,0,(:31) 17-J.ALLEN KNEELS TO NYJ 49 FOR -1 YARDS.,0,,,2020,0,UNDER CENTER,QB KNEEL,0,0,0,0,,0,0,0,,0,0,0,0,0,0,,48,OPP,0,,0,,0
2020092005,9/20/20,1,14,53,SF,NYJ,1,10,20,,1,,0,"(14:53) 31-R.MOSTERT RIGHT END FOR 80 YARDS, TOUCHDOWN.",0,,,2020,80,UNDER CENTER,RUSH,1,0,0,1,,0,0,0,,0,0,0,0,0,0,RIGHT END,20,OWN,0,,0,,0
2020092005,9/20/20,1,12,24,SF,NYJ,1,10,20,,0,,0,(12:24) 10-J.GAROPPOLO PASS SHORT RIGHT TO 81-J.REED TO SF 24 FOR 4 YARDS (46-N.HEWITT).,0,,,2020,4,UNDER CENTER,PASS,0,1,0,0,SHORT RIGHT,0,0,0,,0,0,0,0,0,0,,20,OWN,0,,0,,0
2020092005,9/20/20,1,11,43,SF,NYJ,2,6,24,,0,,0,(11:43) (SHOTGUN) 26-T.COLEMAN LEFT GUARD TO SF 22 FOR -2 YARDS (48-J.JENKINS; 95-Q.WILLIAMS).,0,,,2020,-2,SHOTGUN,RUSH,1,0,0,0,,0,0,0,,0,0,0,0,0,0,LEFT GUARD,24,OWN,0,,0,,0
2020092005,9/20/20,1,11,6,SF,NYJ,3,8,22,,0,,0,(11:06) (SHOTGUN) 10-J.GAROPPOLO SACKED AT SF 14 FOR -8 YARDS (95-Q.WILLIAMS).,0,,,2020,-8,SHOTGUN,SACK,0,0,0,0,,1,0,0,,0,0,0,0,0,0,,22,OWN,0,,0,,0
2020092005,9/20/20,1,10,38,SF,NYJ,4,16,14,,0,,0,"(10:38) 6-M.WISHNOWSKY PUNTS 47 YARDS TO NYJ 39, CENTER-86-K.NELSON, FAIR CATCH BY 15-C.HOGAN.",0,,,2020,0,PUNT,PUNT,0,0,0,0,,0,0,0,,0,0,0,0,0,0,,14,OWN,0,,0,,0
2020092005,9/20/20,1,3,34,SF,NYJ,1,10,33,,0,,0,(3:34) (SHOTGUN) 31-R.MOSTERT UP THE MIDDLE TO SF 33 FOR NO GAIN (20-M.MAYE; 94-F.FATUKASI).,0,,,2020,0,SHOTGUN,RUSH,1,0,0,0,,0,0,0,,0,0,0,0,0,0,CENTER,33,OWN,0,,0,,0
2020092005,9/20/20,1,2,55,SF,NYJ,2,10,33,,0,,0,"(2:55) 31-R.MOSTERT RIGHT TACKLE FOR 67 YARDS, TOUCHDOWN NULLIFIED BY PENALTY. PENALTY ON SF-69-M.MCGLINCHEY, OFFENSIVE HOLDING, 10 YARDS, ENFORCED AT SF 37.",0,,,2020,67,UNDER CENTER,RUSH,1,0,0,1,,0,0,0,,0,0,0,1,0,0,RIGHT TACKLE,33,OWN,1,SF,0,OFFENSIVE HOLDING,10
2020092005,9/20/20,1,2,44,SF,NYJ,2,16,27,,1,,0,(2:44) (SHOTGUN) 10-J.GAROPPOLO PASS DEEP MIDDLE TO 26-T.COLEMAN TO SF 45 FOR 18 YARDS (30-B.MCDOUGALD).,0,,,2020,18,SHOTGUN,PASS,0,1,0,0,DEEP MIDDLE,0,0,0,,0,0,0,0,0,0,,27,OWN,0,,0,,0
2020092005,9/20/20,1,2,6,SF,NYJ,1,10,45,,0,,0,(2:06) (SHOTGUN) 26-T.COLEMAN RIGHT GUARD TO NYJ 49 FOR 6 YARDS (30-B.MCDOUGALD).,0,,,2020,6,SHOTGUN,RUSH,1,0,0,0,,0,0,0,,0,0,0,0,0,0,RIGHT GUARD,45,OWN,0,,0,,0
2020092005,9/20/20,1,1,25,SF,NYJ,2,4,51,,0,,0,(1:25) 26-T.COLEMAN LEFT TACKLE TO SF 49 FOR -2 YARDS (95-Q.WILLIAMS).,0,,,2020,-2,UNDER CENTER,RUSH,1,0,0,0,,0,0,0,,0,0,0,0,0,0,LEFT TACKLE,49,OPP,0,,0,,0
2020092005,9/20/20,1,0,47,SF,NYJ,3,6,49,,1,,0,(:47) (SHOTGUN) 10-J.GAROPPOLO PASS SHORT RIGHT TO 11-B.AIYUK TO NYJ 43 FOR 8 YARDS (30-B.MCDOUGALD) [31-B.AUSTIN].,0,,,2020,8,SHOTGUN,PASS,0,1,0,0,SHORT RIGHT,0,0,0,,0,0,0,0,0,0,,49,OWN,0,,0,,0
2020092005,9/20/20,2,15,0,SF,NYJ,1,10,57,,0,,0,(15:00) 31-R.MOSTERT LEFT END TO NYJ 46 FOR -3 YARDS (95-Q.WILLIAMS; 20-M.MAYE).,0,,,2020,-3,UNDER CENTER,RUSH,1,0,0,0,,0,0,0,,0,0,0,0,0,0,LEFT END,43,OPP,0,,0,,0
2020092005,9/20/20,2,14,15,SF,NYJ,2,13,54,,0,,0,(14:15) (SHOTGUN) 10-J.GAROPPOLO PASS SHORT LEFT TO 81-J.REED TO NYJ 42 FOR 4 YARDS (31-B.AUSTIN) [91-J.FRANKLIN].,0,,,2020,4,SHOTGUN,PASS,0,1,0,0,SHORT LEFT,0,0,0,,0,0,0,0,0,0,,46,OPP,0,,0,,0
2020092005,9/20/20,2,13,35,SF,NYJ,3,9,58,,1,,0,(13:35) (SHOTGUN) 10-J.GAROPPOLO PASS SHORT LEFT TO 81-J.REED TO NYJ 31 FOR 11 YARDS (31-B.AUSTIN).,0,,,2020,11,SHOTGUN,PASS,0,1,0,0,SHORT LEFT,0,0,0,,0,0,0,0,0,0,,42,OPP,0,,0,,0
2020092005,9/20/20,2,12,50,SF,NYJ,1,10,69,,0,,0,(12:50) 31-R.MOSTERT LEFT END TO NYJ 30 FOR 1 YARD (48-J.JENKINS).,0,,,2020,1,UNDER CENTER,RUSH,1,0,0,0,,0,0,0,,0,0,0,0,0,0,LEFT END,31,OPP,0,,0,,0
2020092005,9/20/20,2,12,14,SF,NYJ,2,9,70,,1,,0,(12:14) (SHOTGUN) 10-J.GAROPPOLO PASS SHORT MIDDLE TO 31-R.MOSTERT TO NYJ 20 FOR 10 YARDS (34-B.POOLE).,0,,,2020,10,SHOTGUN,PASS,0,1,0,0,SHORT MIDDLE,0,0,0,,0,0,0,0,0,0,,30,OPP,0,,0,,0
2020092005,9/20/20,2,11,27,SF,NYJ,1,10,80,,0,,0,(11:27) 10-J.GAROPPOLO PASS SHORT MIDDLE TO 44-K.JUSZCZYK TO NYJ 16 FOR 4 YARDS (20-M.MAYE).,0,,,2020,4,UNDER CENTER,PASS,0,1,0,0,SHORT MIDDLE,0,0,0,,0,0,0,0,0,0,,20,OPP,0,,0,,0
2020092005,9/20/20,2,10,43,SF,NYJ,2,6,84,,0,,0,(10:43) 31-R.MOSTERT RIGHT TACKLE TO NYJ 18 FOR -2 YARDS (34-B.POOLE).,0,,,2020,-2,UNDER CENTER,RUSH,1,0,0,0,,0,0,0,,0,0,0,0,0,0,RIGHT TACKLE,16,OPP,0,,0,,0
2020092005,9/20/20,2,10,1,SF,NYJ,3,8,82,,1,,0,"(10:01) (SHOTGUN) 10-J.GAROPPOLO PASS SHORT LEFT TO 81-J.REED FOR 18 YARDS, TOUCHDOWN.",0,,,2020,18,SHOTGUN,PASS,0,1,0,1,SHORT LEFT,0,0,0,,0,0,0,0,0,0,,18,OPP,0,,0,,0
2020092005,9/20/20,2,3,41,SF,NYJ,1,10,20,,0,,0,(3:41) (SHOTGUN) 10-J.GAROPPOLO PASS INCOMPLETE DEEP LEFT TO 84-K.BOURNE [46-N.HEWITT].,0,,,2020,0,SHOTGUN,PASS,0,1,1,0,DEEP LEFT,0,0,0,,0,0,0,0,0,0,,20,OWN,0,,0,,0
2020092005,9/20/20,2,3,35,SF,NYJ,2,10,20,,0,,0,(3:35) (SHOTGUN) 31-R.MOSTERT LEFT TACKLE TO SF 27 FOR 7 YARDS (91-J.FRANKLIN; 54-A.WILLIAMSON).,0,,,2020,7,SHOTGUN,RUSH,1,0,0,0,,0,0,0,,0,0,0,0,0,0,LEFT TACKLE,20,OWN,0,,0,,0
2020092005,9/20/20,2,2,57,SF,NYJ,3,3,27,,1,,0,(2:57) (SHOTGUN) 10-J.GAROPPOLO PASS SHORT LEFT TO 84-K.BOURNE TO SF 45 FOR 18 YARDS (46-N.HEWITT) [48-J.JENKINS].,0,,,2020,18,SHOTGUN,PASS,0,1,0,0,SHORT LEFT,0,0,0,,0,0,0,0,0,0,,27,OWN,0,,0,,0
2020092005,9/20/20,2,2,7,SF,NYJ,1,10,45,,0,,0,(2:07) 26-T.COLEMAN UP THE MIDDLE TO SF 45 FOR NO GAIN (20-M.MAYE; 98-K.PHILLIPS).,0,,,2020,0,UNDER CENTER,RUSH,1,0,0,0,,0,0,0,,0,0,0,0,0,0,CENTER,45,OWN,0,,0,,0
2020092005,9/20/20,2,2,0,SF,NYJ,2,10,45,,0,,0,(2:00) (SHOTGUN) 10-J.GAROPPOLO PASS SHORT LEFT TO 81-J.REED PUSHED OB AT NYJ 47 FOR 8 YARDS (20-M.MAYE).,0,,,2020,8,SHOTGUN,PASS,0,1,0,0,SHORT LEFT,0,0,0,,0,0,0,0,0,0,,45,OWN,0,,0,,0
2020092005,9/20/20,2,1,56,SF,NYJ,3,2,53,,1,,0,(1:56) (SHOTGUN) 10-J.GAROPPOLO PASS SHORT LEFT TO 15-T.TAYLOR PUSHED OB AT NYJ 38 FOR 9 YARDS (34-B.POOLE).,0,,,2020,9,SHOTGUN,PASS,0,1,0,0,SHORT LEFT,0,0,0,,0,0,0,0,0,0,,47,OPP,0,,0,,0
2020092005,9/20/20,2,1,51,SF,NYJ,1,10,62,,0,,0,(1:51) 26-T.COLEMAN RIGHT END PUSHED OB AT NYJ 41 FOR -3 YARDS (27-Q.WILSON). NYJ-27-Q.WILSON WAS INJURED DURING THE PLAY.,0,,,2020,-3,UNDER CENTER,RUSH,1,0,0,0,,0,0,0,,0,0,0,0,0,0,RIGHT END,38,OPP,0,,0,,0
2020092005,9/20/20,2,1,46,SF,NYJ,2,13,59,,0,,0,(1:46) (SHOTGUN) 10-J.GAROPPOLO PASS SHORT RIGHT TO 31-R.MOSTERT TO NYJ 36 FOR 5 YARDS (35-P.DESIR) [93-T.BASHAM].,0,,,2020,5,SHOTGUN,PASS,0,1,0,0,SHORT RIGHT,0,0,0,,0,0,0,0,0,0,,41,OPP,0,,0,,0
2020092005,9/20/20,2,0,59,SF,NYJ,1,10,79,,0,,0,(:59) (SHOTGUN) 31-R.MOSTERT UP THE MIDDLE TO NYJ 16 FOR 5 YARDS (54-A.WILLIAMSON).,0,,,2020,5,SHOTGUN,RUSH,1,0,0,0,,0,0,0,,0,0,0,0,0,0,CENTER,21,OPP,0,,0,,0
2020092005,9/20/20,2,0,55,SF,NYJ,2,5,84,,1,,0,(:55) (SHOTGUN) 10-J.GAROPPOLO PASS SHORT RIGHT TO 26-T.COLEMAN PUSHED OB AT NYJ 6 FOR 10 YARDS (54-A.WILLIAMSON).,0,,,2020,10,SHOTGUN,PASS,0,1,0,0,SHORT RIGHT,0,0,0,,0,0,0,0,0,0,,16,OPP,0,,0,,0
2020092005,9/20/20,2,0,46,SF,NYJ,1,6,94,,0,,0,(:46) 26-T.COLEMAN LEFT GUARD TO NYJ 4 FOR 2 YARDS (48-J.JENKINS; 99-S.MCLENDON).,0,,,2020,2,UNDER CENTER,RUSH,1,0,0,0,,0,0,0,,0,0,0,0,0,0,LEFT GUARD,6,OPP,0,,0,,0
2020092005,9/20/20,2,0,18,SF,NYJ,2,4,96,,0,,0,(:18) 10-J.GAROPPOLO PASS INCOMPLETE SHORT MIDDLE TO 81-J.REED (20-M.MAYE).,0,,,2020,0,UNDER CENTER,PASS,0,1,1,0,SHORT MIDDLE,0,0,0,,0,0,0,0,0,0,,4,OPP,0,,0,,0
2020092005,9/20/20,2,0,15,SF,NYJ,3,4,96,,1,,0,"(:15) (SHOTGUN) 10-J.GAROPPOLO PASS SHORT LEFT TO 81-J.REED FOR 4 YARDS, TOUCHDOWN.",0,,,2020,4,SHOTGUN,PASS,0,1,0,1,SHORT LEFT,0,0,0,,0,0,0,0,0,0,,4,OPP,0,,0,,0
2020092005,9/20/20,3,12,41,SF,NYJ,1,20,22,,0,,0,"(12:41) (SHOTGUN) 4-N.MULLENS SACKED AT SF 11 FOR -11 YARDS (95-Q.WILLIAMS). FUMBLES (95-Q.WILLIAMS), RECOVERED BY SF-75-L.TOMLINSON AT SF 10.",0,,,2020,-11,SHOTGUN,SACK,0,0,0,0,,1,0,0,,0,0,1,0,0,0,,22,OWN,0,,0,,0
2020092005,9/20/20,3,11,58,SF,NYJ,2,32,10,,0,,0,(11:58) (SHOTGUN) 28-J.MCKINNON LEFT END TO SF 16 FOR 6 YARDS (20-M.MAYE).,0,,,2020,6,SHOTGUN,RUSH,1,0,0,0,,0,0,0,,0,0,0,0,0,0,LEFT END,10,OWN,0,,0,,0
2020092005,9/20/20,3,11,5,SF,NYJ,3,31,11,,1,,0,(11:05) 28-J.MCKINNON RIGHT GUARD TO NYJ 34 FOR 55 YARDS (35-P.DESIR).,0,,,2020,55,UNDER CENTER,RUSH,1,0,0,0,,0,0,0,,0,0,0,0,0,0,RIGHT GUARD,11,OWN,0,,0,,0
2020092005,9/20/20,3,10,18,SF,NYJ,1,10,66,,0,,0,(10:18) (SHOTGUN) 26-T.COLEMAN RIGHT END TO NYJ 38 FOR -4 YARDS (52-A.OGLETREE).,0,,,2020,-4,SHOTGUN,RUSH,1,0,0,0,,0,0,0,,0,0,0,0,0,0,RIGHT END,34,OPP,0,,0,,0
2020092005,9/20/20,3,9,36,SF,NYJ,2,14,62,,0,,0,(9:36) (SHOTGUN) 4-N.MULLENS PASS SHORT MIDDLE TO 84-K.BOURNE TO NYJ 28 FOR 10 YARDS (46-N.HEWITT).,0,,,2020,10,SHOTGUN,PASS,0,1,0,0,SHORT MIDDLE,0,0,0,,0,0,0,0,0,0,,38,OPP,0,,0,,0
2020092005,9/20/20,3,8,58,SF,NYJ,3,4,72,,0,,0,(8:58) (SHOTGUN) 4-N.MULLENS PASS INCOMPLETE DEEP RIGHT TO 15-T.TAYLOR (34-B.POOLE).,0,,,2020,0,SHOTGUN,PASS,0,1,1,0,DEEP RIGHT,0,0,0,,0,0,0,0,0,0,,28,OPP,0,,0,,0
2020092005,9/20/20,3,8,53,SF,NYJ,4,4,72,,0,,0,"(8:53) 9-R.GOULD 46 YARD FIELD GOAL IS GOOD, CENTER-86-K.NELSON, HOLDER-6-M.WISHNOWSKY.",0,,,2020,0,FIELD GOAL,FIELD GOAL,0,0,0,0,,0,0,0,,0,0,0,0,0,0,,28,OPP,0,,0,,0
2020092005,9/20/20,3,7,38,SF,NYJ,1,10,25,,0,,0,(7:38) 4-N.MULLENS SACKED AT SF 20 FOR -5 YARDS (48-J.JENKINS).,0,,,2020,-5,UNDER CENTER,SACK,0,0,0,0,,1,0,0,,0,0,0,0,0,0,,25,OWN,0,,0,,0
2020092005,9/20/20,3,6,58,SF,NYJ,2,15,20,,1,,0,(6:58) (SHOTGUN) 4-N.MULLENS PASS SHORT MIDDLE TO 84-K.BOURNE TO SF 35 FOR 15 YARDS (34-B.POOLE).,0,,,2020,15,SHOTGUN,PASS,0,1,0,0,SHORT MIDDLE,0,0,0,,0,0,0,0,0,0,,20,OWN,0,,0,,0
2020092005,9/20/20,3,6,14,SF,NYJ,1,10,35,,0,,0,(6:14) 26-T.COLEMAN LEFT END TO SF 34 FOR -1 YARDS (52-A.OGLETREE).,0,,,2020,-1,UNDER CENTER,RUSH,1,0,0,0,,0,0,0,,0,0,0,0,0,0,LEFT END,35,OWN,0,,0,,0
2020092005,9/20/20,3,5,29,SF,NYJ,2,11,34,,0,,0,(5:29) (SHOTGUN) 4-N.MULLENS PASS SHORT MIDDLE TO 82-R.DWELLEY TO SF 39 FOR 5 YARDS (34-B.POOLE) [91-J.FRANKLIN].,0,,,2020,5,SHOTGUN,PASS,0,1,0,0,SHORT MIDDLE,0,0,0,,0,0,0,0,0,0,,34,OWN,0,,0,,0
2020092005,9/20/20,3,4,48,SF,NYJ,3,6,39,,1,,0,(4:48) (SHOTGUN) 4-N.MULLENS PASS SHORT RIGHT INTENDED FOR 28-J.MCKINNON INTERCEPTED BY 35-P.DESIR [93-T.BASHAM] AT SF 45. 35-P.DESIR PUSHED OB AT SF 22 FOR 23 YARDS (71-T.WILLIAMS).,0,,,2020,23,SHOTGUN,PASS,0,1,0,0,SHORT RIGHT,0,0,0,,0,1,0,0,0,0,,39,OWN,0,,0,,0
2020092005,9/20/20,3,2,44,SF,NYJ,1,10,29,,0,,0,(2:44) 26-T.COLEMAN UP THE MIDDLE TO SF 32 FOR 3 YARDS (95-Q.WILLIAMS; 99-S.MCLENDON).,0,,,2020,3,UNDER CENTER,RUSH,1,0,0,0,,0,0,0,,0,0,0,0,0,0,CENTER,29,OWN,0,,0,,0
2020092005,9/20/20,3,2,2,SF,NYJ,2,7,32,,0,,0,(2:02) 26-T.COLEMAN UP THE MIDDLE TO SF 37 FOR 5 YARDS (99-S.MCLENDON).,0,,,2020,5,UNDER CENTER,RUSH,1,0,0,0,,0,0,0,,0,0,0,0,0,0,CENTER,32,OWN,0,,0,,0
2020092005,9/20/20,3,1,20,SF,NYJ,3,2,37,,0,,0,(1:20) (SHOTGUN) 4-N.MULLENS PASS SHORT LEFT TO 81-J.REED TO SF 38 FOR 1 YARD (20-M.MAYE; 30-B.MCDOUGALD).,0,,,2020,1,SHOTGUN,PASS,0,1,0,0,SHORT LEFT,0,0,0,,0,0,0,0,0,0,,37,OWN,0,,0,,0
2020092005,9/20/20,3,0,33,SF,NYJ,4,1,38,,0,,0,"(:33) 6-M.WISHNOWSKY PUNTS 47 YARDS TO NYJ 15, CENTER-86-K.NELSON, FAIR CATCH BY 10-B.BERRIOS.",0,,,2020,0,PUNT,PUNT,0,0,0,0,,0,0,0,,0,0,0,0,0,0,,38,OWN,0,,0,,0
2020092005,9/20/20,4,13,35,SF,NYJ,1,10,23,,0,,0,"(13:35) 4-N.MULLENS TO SF 21 FOR -2 YARDS. FUMBLES, AND RECOVERS AT SF 21. 4-N.MULLENS TO SF 16 FOR -5 YARDS. LATERAL TO 26-T.COLEMAN PUSHED OB AT SF 25 FOR 9 YARDS (46-N.HEWITT).",0,,,2020,0,UNDER CENTER,FUMBLES,0,0,0,0,,0,0,0,,0,0,1,0,0,0,,23,OWN,0,,0,,0
2020092005,9/20/20,4,13,2,SF,NYJ,2,8,25,,1,,0,(13:02) 4-N.MULLENS PASS DEEP MIDDLE TO 84-K.BOURNE TO SF 49 FOR 24 YARDS (46-N.HEWITT) [91-J.FRANKLIN].,0,,,2020,24,UNDER CENTER,PASS,0,1,0,0,DEEP MIDDLE,0,0,0,,0,0,0,0,0,0,,25,OWN,0,,0,,0
2020092005,9/20/20,4,12,11,SF,NYJ,1,10,49,,1,,0,(12:11) 4-N.MULLENS PASS SHORT RIGHT TO 11-B.AIYUK PUSHED OB AT NYJ 38 FOR 13 YARDS (30-B.MCDOUGALD).,0,,,2020,13,UNDER CENTER,PASS,0,1,0,0,SHORT RIGHT,0,0,0,,0,0,0,0,0,0,,49,OWN,0,,0,,0
2020092005,9/20/20,4,11,30,SF,NYJ,1,10,62,,0,,0,(11:30) 26-T.COLEMAN UP THE MIDDLE TO NYJ 33 FOR 5 YARDS (93-T.BASHAM).,0,,,2020,5,UNDER CENTER,RUSH,1,0,0,0,,0,0,0,,0,0,0,0,0,0,CENTER,38,OPP,0,,0,,0
2020092005,9/20/20,4,10,47,SF,NYJ,2,5,67,,0,,0,"(10:47) 4-N.MULLENS PASS SHORT LEFT TO 44-K.JUSZCZYK TO NYJ 31 FOR 2 YARDS (46-N.HEWITT) [98-K.PHILLIPS]. PENALTY ON NYJ-98-K.PHILLIPS, ROUGHING THE PASSER, 15 YARDS, ENFORCED AT NYJ 31.",0,,,2020,2,UNDER CENTER,PASS,0,1,0,0,SHORT LEFT,0,0,0,,0,0,0,1,0,0,,33,OPP,1,NYJ,0,ROUGHING THE PASSER,15
2020092005,9/20/20,4,10,30,SF,NYJ,1,10,84,,1,,0,"(10:30) (SHOTGUN) 28-J.MCKINNON RIGHT END FOR 16 YARDS, TOUCHDOWN.",0,,,2020,16,SHOTGUN,RUSH,1,0,0,1,,0,0,0,,0,0,0,0,0,0,RIGHT END,16,OPP,0,,0,,0
2020092005,9/20/20,4,8,50,SF,NYJ,1,10,42,,0,,0,(8:50) 26-T.COLEMAN UP THE MIDDLE TO SF 42 FOR NO GAIN (98-K.PHILLIPS).,0,,,2020,0,UNDER CENTER,RUSH,1,0,0,0,,0,0,0,,0,0,0,0,0,0,CENTER,42,OWN,0,,0,,0
2020092005,9/20/20,4,8,6,SF,NYJ,2,10,42,,0,,0,(8:06) 26-T.COLEMAN RIGHT GUARD TO SF 43 FOR 1 YARD (95-Q.WILLIAMS).,0,,,2020,1,UNDER CENTER,RUSH,1,0,0,0,,0,0,0,,0,0,0,0,0,0,RIGHT GUARD,42,OWN,0,,0,,0
2020092005,9/20/20,4,7,20,SF,NYJ,3,9,43,,0,,0,"(7:20) (SHOTGUN) 4-N.MULLENS PASS SHORT LEFT TO 15-T.TAYLOR TO SF 44 FOR 1 YARD (34-B.POOLE). PENALTY ON SF, ILLEGAL FORMATION, DECLINED.",0,,,2020,1,SHOTGUN,PASS,0,1,0,0,SHORT LEFT,0,0,0,,0,0,0,1,0,0,,43,OWN,0,SF,0,ILLEGAL FORMATION,0
2020092005,9/20/20,4,7,14,SF,NYJ,4,8,44,,0,,0,"(7:14) 6-M.WISHNOWSKY PUNTS 46 YARDS TO NYJ 10, CENTER-86-K.NELSON, FAIR CATCH BY 10-B.BERRIOS.",0,,,2020,0,PUNT,PUNT,0,0,0,0,,0,0,0,,0,0,0,0,0,0,,44,OWN,0,,0,,0
2020092005,9/20/20,4,4,52,SF,NYJ,1,10,38,,0,,0,(4:52) 30-J.WILSON UP THE MIDDLE TO SF 39 FOR 1 YARD (99-S.MCLENDON).,0,,,2020,1,UNDER CENTER,RUSH,1,0,0,0,,0,0,0,,0,0,0,0,0,0,CENTER,38,OWN,0,,0,,0
2020092005,9/20/20,4,4,5,SF,NYJ,2,9,39,,0,,0,(4:05) 30-J.WILSON LEFT TACKLE TO SF 41 FOR 2 YARDS (98-K.PHILLIPS).,0,,,2020,2,UNDER CENTER,RUSH,1,0,0,0,,0,0,0,,0,0,0,0,0,0,LEFT TACKLE,39,OWN,0,,0,,0
2020092005,9/20/20,4,3,24,SF,NYJ,3,7,41,,0,,0,(3:24) (SHOTGUN) 4-N.MULLENS PASS INCOMPLETE SHORT RIGHT TO 11-B.AIYUK.,0,,,2020,0,SHOTGUN,PASS,0,1,1,0,SHORT RIGHT,0,0,0,,0,0,0,0,0,0,,41,OWN,0,,0,,0
2020092005,9/20/20,4,3,19,SF,NYJ,4,7,41,,0,,0,"(3:19) 6-M.WISHNOWSKY PUNTS 59 YARDS TO END ZONE, CENTER-86-K.NELSON, TOUCHBACK.",0,,,2020,0,PUNT,PUNT,0,0,0,0,,0,0,0,,0,0,0,0,0,0,,41,OWN,0,,0,,0
2020092005,9/20/20,4,1,23,SF,NYJ,1,10,25,,0,,0,(1:23) 4-N.MULLENS KNEELS TO SF 24 FOR -1 YARDS.,0,,,2020,0,UNDER CENTER,QB KNEEL,0,0,0,0,,0,0,0,,0,0,0,0,0,0,,25,OWN,0,,0,,0
2020092005,9/20/20,4,0,40,SF,NYJ,2,11,24,,0,,0,(:40) 4-N.MULLENS KNEELS TO SF 23 FOR -1 YARDS.,0,,,2020,0,UNDER CENTER,QB KNEEL,0,0,0,0,,0,0,0,,0,0,0,0,0,0,,24,OWN,0,,0,,0
2020092708,9/27/20,1,5,12,IND,NYJ,1,10,25,,0,,0,"(5:12) (SHOTGUN) 28-J.TAYLOR LEFT END TO IND 26 FOR 1 YARD (95-Q.WILLIAMS, 20-M.MAYE).",0,,,2020,1,SHOTGUN,RUSH,1,0,0,0,,0,0,0,,0,0,0,0,0,0,LEFT END,25,OWN,0,,0,,0
2020092708,9/27/20,1,4,42,IND,NYJ,2,9,26,,1,,0,(4:42) (SHOTGUN) 17-P.RIVERS PASS SHORT LEFT TO 13-T.HILTON TO IND 36 FOR 10 YARDS (31-B.AUSTIN).,0,,,2020,10,SHOTGUN,PASS,0,1,0,0,SHORT LEFT,0,0,0,,0,0,0,0,0,0,,26,OWN,0,,0,,0
2020092708,9/27/20,1,4,4,IND,NYJ,1,10,36,,1,,0,(4:04) 17-P.RIVERS PASS DEEP RIGHT TO 14-Z.PASCAL TO NYJ 44 FOR 20 YARDS (30-B.MCDOUGALD).,0,,,2020,20,UNDER CENTER,PASS,0,1,0,0,DEEP RIGHT,0,0,0,,0,0,0,0,0,0,,36,OWN,0,,0,,0
2020092708,9/27/20,1,3,28,IND,NYJ,1,10,56,,0,,0,(3:28) (SHOTGUN) 28-J.TAYLOR UP THE MIDDLE TO NYJ 42 FOR 2 YARDS (93-T.BASHAM).,0,,,2020,2,SHOTGUN,RUSH,1,0,0,0,,0,0,0,,0,0,0,0,0,0,CENTER,44,OPP,0,,0,,0
2020092708,9/27/20,1,2,50,IND,NYJ,2,8,58,,0,,0,"(2:50) 28-J.TAYLOR LEFT TACKLE TO NYJ 40 FOR 2 YARDS (91-J.FRANKLIN, 54-A.WILLIAMSON).",0,,,2020,2,UNDER CENTER,RUSH,1,0,0,0,,0,0,0,,0,0,0,0,0,0,LEFT TACKLE,42,OPP,0,,0,,0
2020092708,9/27/20,1,2,9,IND,NYJ,3,6,60,,1,,0,(2:09) (SHOTGUN) 17-P.RIVERS PASS SHORT LEFT TO 11-M.PITTMAN TO NYJ 31 FOR 9 YARDS (30-B.MCDOUGALD).,0,,,2020,9,SHOTGUN,PASS,0,1,0,0,SHORT LEFT,0,0,0,,0,0,0,0,0,0,,40,OPP,0,,0,,0
2020092708,9/27/20,1,1,33,IND,NYJ,1,10,69,,1,,0,(1:33) (SHOTGUN) 21-N.HINES LEFT GUARD TO NYJ 20 FOR 11 YARDS (31-B.AUSTIN).,0,,,2020,11,SHOTGUN,RUSH,1,0,0,0,,0,0,0,,0,0,0,0,0,0,LEFT GUARD,31,OPP,0,,0,,0
2020092708,9/27/20,1,0,58,IND,NYJ,1,10,80,,0,,0,(:58) 21-N.HINES RIGHT END TO NYJ 17 FOR 3 YARDS (54-A.WILLIAMSON; 20-M.MAYE).,0,,,2020,3,UNDER CENTER,RUSH,1,0,0,0,,0,0,0,,0,0,0,0,0,0,RIGHT END,20,OPP,0,,0,,0
2020092708,9/27/20,1,0,24,IND,NYJ,2,7,83,,1,,0,(:24) (SHOTGUN) 28-J.TAYLOR UP THE MIDDLE TO NYJ 5 FOR 12 YARDS (30-B.MCDOUGALD). NYJ-48-J.JENKINS WAS INJURED DURING THE PLAY.,0,,,2020,12,SHOTGUN,RUSH,1,0,0,0,,0,0,0,,0,0,0,0,0,0,CENTER,17,OPP,0,,0,,0
2020092708,9/27/20,2,15,0,IND,NYJ,1,5,95,,0,,0,(15:00) 28-J.TAYLOR RIGHT GUARD TO NYJ 4 FOR 1 YARD (30-B.MCDOUGALD; 20-M.MAYE).,0,,,2020,1,UNDER CENTER,RUSH,1,0,0,0,,0,0,0,,0,0,0,0,0,0,RIGHT GUARD,5,OPP,0,,0,,0
2020092708,9/27/20,2,14,16,IND,NYJ,1,1,99,,1,,0,"(14:16) 63-D.PINTER REPORTED IN AS ELIGIBLE.  17-P.RIVERS PASS SHORT RIGHT TO 81-M.ALIE-COX FOR 1 YARD, TOUCHDOWN.",0,,,2020,1,UNDER CENTER,PASS,0,1,0,1,SHORT RIGHT,0,0,0,,0,0,0,0,0,0,,1,OPP,0,,0,,0
2020092708,9/27/20,2,11,29,IND,NYJ,1,10,23,,0,,0,(11:29) (SHOTGUN) 17-P.RIVERS PASS INCOMPLETE DEEP LEFT TO 14-Z.PASCAL.,0,,,2020,0,SHOTGUN,PASS,0,1,1,0,DEEP LEFT,0,0,0,,0,0,0,0,0,0,,23,OWN,0,,0,,0
2020092708,9/27/20,2,11,24,IND,NYJ,2,10,23,,1,,0,"(11:24) (SHOTGUN) 17-P.RIVERS PASS DEEP MIDDLE TO 81-M.ALIE-COX TO NYJ 32 FOR 45 YARDS (46-N.HEWITT, 30-B.MCDOUGALD).",0,,,2020,45,SHOTGUN,PASS,0,1,0,0,DEEP MIDDLE,0,0,0,,0,0,0,0,0,0,,23,OWN,0,,0,,0
2020092708,9/27/20,2,10,42,IND,NYJ,1,10,68,,0,,0,"(10:42) 21-N.HINES RIGHT TACKLE TO NYJ 28 FOR 4 YARDS (98-K.PHILLIPS, 54-A.WILLIAMSON).",0,,,2020,4,UNDER CENTER,RUSH,1,0,0,0,,0,0,0,,0,0,0,0,0,0,RIGHT TACKLE,32,OPP,0,,0,,0
2020092708,9/27/20,2,9,59,IND,NYJ,2,6,72,,0,,0,"(9:59) (SHOTGUN) 28-J.TAYLOR RIGHT END TO NYJ 25 FOR 3 YARDS (46-N.HEWITT, 93-T.BASHAM).",0,,,2020,3,SHOTGUN,RUSH,1,0,0,0,,0,0,0,,0,0,0,0,0,0,RIGHT END,28,OPP,0,,0,,0
2020092708,9/27/20,2,9,27,IND,NYJ,3,3,75,,0,,0,"(9:27) (NO HUDDLE, SHOTGUN) 28-J.TAYLOR UP THE MIDDLE TO NYJ 24 FOR 1 YARD (31-B.AUSTIN).",0,,,2020,1,NO HUDDLE SHOTGUN,RUSH,1,0,0,0,,0,0,0,,0,0,0,0,0,0,CENTER,25,OPP,0,,0,,0
2020092708,9/27/20,2,8,43,IND,NYJ,4,2,76,,0,,0,"(8:43) 3-R.BLANKENSHIP 42 YARD FIELD GOAL IS GOOD, CENTER-46-L.RHODES, HOLDER-8-R.SANCHEZ.",0,,,2020,0,FIELD GOAL,FIELD GOAL,0,0,0,0,,0,0,0,,0,0,0,0,0,0,,24,OPP,0,,0,,0
2020092708,9/27/20,2,5,20,IND,NYJ,1,20,10,,1,,0,(5:20) (SHOTGUN) 17-P.RIVERS PASS SHORT LEFT TO 13-T.HILTON RAN OB AT IND 35 FOR 25 YARDS.,0,,,2020,25,SHOTGUN,PASS,0,1,0,0,SHORT LEFT,0,0,0,,0,0,0,0,0,0,,10,OWN,0,,0,,0
2020092708,9/27/20,2,4,50,IND,NYJ,1,10,35,,0,,0,(4:50) 20-J.WILKINS RIGHT GUARD TO IND 36 FOR 1 YARD (20-M.MAYE).,0,,,2020,1,UNDER CENTER,RUSH,1,0,0,0,,0,0,0,,0,0,0,0,0,0,RIGHT GUARD,35,OWN,0,,0,,0
2020092708,9/27/20,2,4,11,IND,NYJ,2,9,36,,1,,0,(4:11) (SHOTGUN) 17-P.RIVERS PASS SHORT RIGHT TO 10-D.FOUNTAIN TO IND 48 FOR 12 YARDS (30-B.MCDOUGALD).,0,,,2020,12,SHOTGUN,PASS,0,1,0,0,SHORT RIGHT,0,0,0,,0,0,0,0,0,0,,36,OWN,0,,0,,0
2020092708,9/27/20,2,3,28,IND,NYJ,1,10,48,,0,,0,(3:28) (SHOTGUN) 20-J.WILKINS LEFT END TO NYJ 49 FOR 3 YARDS (95-Q.WILLIAMS).,0,,,2020,3,SHOTGUN,RUSH,1,0,0,0,,0,0,0,,0,0,0,0,0,0,LEFT END,48,OWN,0,,0,,0
2020092708,9/27/20,2,3,7,IND,NYJ,2,7,51,,0,,0,(3:07) (SHOTGUN) 20-J.WILKINS LEFT GUARD TO NYJ 45 FOR 4 YARDS (54-A.WILLIAMSON).,0,,,2020,4,SHOTGUN,RUSH,1,0,0,0,,0,0,0,,0,0,0,0,0,0,LEFT GUARD,49,OPP,0,,0,,0
2020092708,9/27/20,2,2,28,IND,NYJ,3,3,55,,0,,0,(2:28) (SHOTGUN) 17-P.RIVERS PASS INCOMPLETE SHORT MIDDLE TO 16-A.DULIN (47-B.HUFF).,0,,,2020,0,SHOTGUN,PASS,0,1,1,0,SHORT MIDDLE,0,0,0,,0,0,0,0,0,0,,45,OPP,0,,0,,0
2020092708,9/27/20,2,2,24,IND,NYJ,4,3,55,,0,,0,"(2:24) 8-R.SANCHEZ PUNTS 38 YARDS TO NYJ 7, CENTER-46-L.RHODES, FAIR CATCH BY 15-C.HOGAN.",0,,,2020,0,PUNT,PUNT,0,0,0,0,,0,0,0,,0,0,0,0,0,0,,45,OPP,0,,0,,0
2020092708,9/27/20,2,0,44,IND,NYJ,1,10,41,,1,,0,(:44) (SHOTGUN) 17-P.RIVERS PASS SHORT MIDDLE TO 14-Z.PASCAL TO NYJ 45 FOR 14 YARDS (34-B.POOLE).,0,,,2020,14,SHOTGUN,PASS,0,1,0,0,SHORT MIDDLE,0,0,0,,0,0,0,0,0,0,,41,OWN,0,,0,,0
2020092708,9/27/20,2,0,38,IND,NYJ,1,10,55,,1,,0,(:38) (SHOTGUN) 17-P.RIVERS PASS SHORT LEFT TO 10-D.FOUNTAIN TO NYJ 34 FOR 11 YARDS (31-B.AUSTIN).,0,,,2020,11,SHOTGUN,PASS,0,1,0,0,SHORT LEFT,0,0,0,,0,0,0,0,0,0,,45,OPP,0,,0,,0
2020092708,9/27/20,2,0,19,IND,NYJ,1,10,66,,1,,0,"(:19) (NO HUDDLE, SHOTGUN) 17-P.RIVERS PASS SHORT MIDDLE TO 21-N.HINES TO NYJ 23 FOR 11 YARDS (34-B.POOLE).",0,,,2020,11,NO HUDDLE SHOTGUN,PASS,0,1,0,0,SHORT MIDDLE,0,0,0,,0,0,0,0,0,0,,34,OPP,0,,0,,0
2020092708,9/27/20,2,0,3,IND,NYJ,1,10,77,,0,,0,"(:03) 3-R.BLANKENSHIP 41 YARD FIELD GOAL IS NO GOOD, HIT RIGHT UPRIGHT, CENTER-46-L.RHODES, HOLDER-8-R.SANCHEZ.",0,,,2020,0,FIELD GOAL,FIELD GOAL,0,0,0,0,,0,0,0,,0,0,0,0,0,0,,23,OPP,0,,0,,0
2020092708,9/27/20,3,15,0,IND,NYJ,1,10,25,,0,,0,(15:00) 17-P.RIVERS PASS SHORT RIGHT TO 28-J.TAYLOR TO IND 28 FOR 3 YARDS (34-B.POOLE).,0,,,2020,3,UNDER CENTER,PASS,0,1,0,0,SHORT RIGHT,0,0,0,,0,0,0,0,0,0,,25,OWN,0,,0,,0
2020092708,9/27/20,3,14,20,IND,NYJ,2,7,28,,1,,0,"(14:20) 28-J.TAYLOR UP THE MIDDLE TO IND 44 FOR 16 YARDS (31-B.AUSTIN, 30-B.MCDOUGALD).",0,,,2020,16,UNDER CENTER,RUSH,1,0,0,0,,0,0,0,,0,0,0,0,0,0,CENTER,28,OWN,0,,0,,0
2020092708,9/27/20,3,13,31,IND,NYJ,1,10,44,,0,,0,(13:31) 17-P.RIVERS PASS SHORT LEFT TO 20-J.WILKINS TO 50 FOR 6 YARDS (31-B.AUSTIN) [97-N.SHEPHERD].,0,,,2020,6,UNDER CENTER,PASS,0,1,0,0,SHORT LEFT,0,0,0,,0,0,0,0,0,0,,44,OWN,0,,0,,0
2020092708,9/27/20,3,12,50,IND,NYJ,2,4,100,,0,,0,(12:50) 20-J.WILKINS RIGHT TACKLE TO 50 FOR NO GAIN (96-H.ANDERSON).,0,,,2020,0,UNDER CENTER,RUSH,1,0,0,0,,0,0,0,,0,0,0,0,0,0,RIGHT TACKLE,0,OPP,0,,0,,0
2020092708,9/27/20,3,12,9,IND,NYJ,3,4,100,,0,,0,(12:09) (SHOTGUN) 17-P.RIVERS PASS INCOMPLETE SHORT LEFT TO 14-Z.PASCAL (91-J.FRANKLIN).,0,,,2020,0,SHOTGUN,PASS,0,1,1,0,SHORT LEFT,0,0,0,,0,0,0,0,0,0,,0,OPP,0,,0,,0
2020092708,9/27/20,3,12,3,IND,NYJ,4,4,100,,0,,0,"(12:03) 8-R.SANCHEZ PUNTS 42 YARDS TO NYJ 8, CENTER-46-L.RHODES, FAIR CATCH BY 15-C.HOGAN.",0,,,2020,0,PUNT,PUNT,0,0,0,0,,0,0,0,,0,0,0,0,0,0,,0,OPP,0,,0,,0
2020092708,9/27/20,3,10,28,IND,NYJ,1,10,45,,1,,0,"(10:28) (SHOTGUN) 17-P.RIVERS PASS SHORT RIGHT TO 21-N.HINES PUSHED OB AT NYJ 43 FOR 12 YARDS (54-A.WILLIAMSON, 35-P.DESIR).",0,,,2020,12,SHOTGUN,PASS,0,1,0,0,SHORT RIGHT,0,0,0,,0,0,0,0,0,0,,45,OWN,0,,0,,0
2020092708,9/27/20,3,10,10,IND,NYJ,1,10,57,,0,,0,"(10:10) (NO HUDDLE, SHOTGUN) 21-N.HINES RIGHT TACKLE TO NYJ 42 FOR 1 YARD (99-S.MCLENDON).",0,,,2020,1,NO HUDDLE SHOTGUN,RUSH,1,0,0,0,,0,0,0,,0,0,0,0,0,0,RIGHT TACKLE,43,OPP,0,,0,,0
2020092708,9/27/20,3,9,31,IND,NYJ,2,9,58,,0,,0,(9:31) (SHOTGUN) 21-N.HINES LEFT END TO NYJ 42 FOR NO GAIN (96-H.ANDERSON).,0,,,2020,0,SHOTGUN,RUSH,1,0,0,0,,0,0,0,,0,0,0,0,0,0,LEFT END,42,OPP,0,,0,,0
2020092708,9/27/20,3,8,46,IND,NYJ,3,9,58,,1,,0,(8:46) (SHOTGUN) 17-P.RIVERS PASS DEEP MIDDLE TO 13-T.HILTON TO NYJ 25 FOR 17 YARDS (30-B.MCDOUGALD; 54-A.WILLIAMSON).,0,,,2020,17,SHOTGUN,PASS,0,1,0,0,DEEP MIDDLE,0,0,0,,0,0,0,0,0,0,,42,OPP,0,,0,,0
2020092708,9/27/20,3,8,23,IND,NYJ,1,10,75,,0,,0,"(8:23) (NO HUDDLE, SHOTGUN) 28-J.TAYLOR UP THE MIDDLE TO NYJ 19 FOR 6 YARDS (95-Q.WILLIAMS).",0,,,2020,6,NO HUDDLE SHOTGUN,RUSH,1,0,0,0,,0,0,0,,0,0,0,0,0,0,CENTER,25,OPP,0,,0,,0
2020092708,9/27/20,3,7,51,IND,NYJ,2,4,81,,1,,0,"(7:51) (NO HUDDLE, SHOTGUN) 28-J.TAYLOR LEFT END TO NYJ 9 FOR 10 YARDS (54-A.WILLIAMSON).",0,,,2020,10,NO HUDDLE SHOTGUN,RUSH,1,0,0,0,,0,0,0,,0,0,0,0,0,0,LEFT END,19,OPP,0,,0,,0
2020092708,9/27/20,3,7,25,IND,NYJ,1,9,91,,0,,0,"(7:25) (NO HUDDLE, SHOTGUN) 28-J.TAYLOR UP THE MIDDLE TO NYJ 8 FOR 1 YARD (30-B.MCDOUGALD). NYJ-55-J.WILLIS WAS INJURED DURING THE PLAY. HIS RETURN IS QUESTIONABLE.",0,,,2020,1,NO HUDDLE SHOTGUN,RUSH,1,0,0,0,,0,0,0,,0,0,0,0,0,0,CENTER,9,OPP,0,,0,,0
2020092708,9/27/20,3,6,56,IND,NYJ,2,8,92,,0,,0,(6:56) (SHOTGUN) 17-P.RIVERS PASS SHORT RIGHT TO 21-N.HINES TO NYJ 3 FOR 5 YARDS (46-N.HEWITT; 30-B.MCDOUGALD).,0,,,2020,5,SHOTGUN,PASS,0,1,0,0,SHORT RIGHT,0,0,0,,0,0,0,0,0,0,,8,OPP,0,,0,,0
2020092708,9/27/20,3,6,9,IND,NYJ,3,3,97,,0,,0,(6:09) (SHOTGUN) 21-N.HINES RIGHT TACKLE TO NYJ 1 FOR 2 YARDS (20-M.MAYE).,0,,,2020,2,SHOTGUN,RUSH,1,0,0,0,,0,0,0,,0,0,0,0,0,0,RIGHT TACKLE,3,OPP,0,,0,,0
2020092708,9/27/20,3,5,24,IND,NYJ,4,1,99,,1,,0,"(5:24) 28-J.TAYLOR UP THE MIDDLE FOR 1 YARD, TOUCHDOWN.",0,,,2020,1,UNDER CENTER,RUSH,1,0,0,1,,0,0,0,,0,0,0,0,0,0,CENTER,1,OPP,0,,0,,0
2020092708,9/27/20,3,3,17,IND,NYJ,1,10,14,,1,,0,(3:17) (SHOTGUN) 17-P.RIVERS PASS SHORT LEFT TO 21-N.HINES TO IND 26 FOR 12 YARDS (34-B.POOLE).,0,,,2020,12,SHOTGUN,PASS,0,1,0,0,SHORT LEFT,0,0,0,,0,0,0,0,0,0,,14,OWN,0,,0,,0
2020092708,9/27/20,3,2,46,IND,NYJ,1,10,26,,0,,0,"(2:46) (NO HUDDLE, SHOTGUN) 21-N.HINES RIGHT TACKLE TO IND 26 FOR NO GAIN (54-A.WILLIAMSON, 94-F.FATUKASI).",0,,,2020,0,NO HUDDLE SHOTGUN,RUSH,1,0,0,0,,0,0,0,,0,0,0,0,0,0,RIGHT TACKLE,26,OWN,0,,0,,0
2020092708,9/27/20,3,2,10,IND,NYJ,2,10,26,,0,,0,(2:10) (SHOTGUN) 17-P.RIVERS PASS INCOMPLETE SHORT RIGHT TO 21-N.HINES (93-T.BASHAM).,0,,,2020,0,SHOTGUN,PASS,0,1,1,0,SHORT RIGHT,0,0,0,,0,0,0,0,0,0,,26,OWN,0,,0,,0
2020092708,9/27/20,3,2,7,IND,NYJ,3,10,26,,0,,0,(2:07) (SHOTGUN) 17-P.RIVERS PASS SHORT MIDDLE TO 81-M.ALIE-COX TO IND 30 FOR 4 YARDS (34-B.POOLE).,0,,,2020,4,SHOTGUN,PASS,0,1,0,0,SHORT MIDDLE,0,0,0,,0,0,0,0,0,0,,26,OWN,0,,0,,0
2020092708,9/27/20,3,1,33,IND,NYJ,4,6,30,,0,,0,"(1:33) 8-R.SANCHEZ PUNTS 45 YARDS TO NYJ 25, CENTER-46-L.RHODES, FAIR CATCH BY 15-C.HOGAN.",0,,,2020,0,PUNT,PUNT,0,0,0,0,,0,0,0,,0,0,0,0,0,0,,30,OWN,0,,0,,0
2020092708,9/27/20,4,9,35,IND,NYJ,1,10,29,,0,,0,"(9:35) 28-J.TAYLOR UP THE MIDDLE TO IND 32 FOR 3 YARDS (99-S.MCLENDON, 20-M.MAYE). #7 BRISSETT AT QB FOR IND.",0,,,2020,3,UNDER CENTER,RUSH,1,0,0,0,,0,0,0,,0,0,0,0,0,0,CENTER,29,OWN,0,,0,,0
2020092708,9/27/20,4,8,55,IND,NYJ,2,7,32,,0,,0,"(8:55) 20-J.WILKINS LEFT GUARD TO IND 35 FOR 3 YARDS (20-M.MAYE, 91-J.FRANKLIN). NYJ-91-J.FRANKLIN WAS INJURED DURING THE PLAY.",0,,,2020,3,UNDER CENTER,RUSH,1,0,0,0,,0,0,0,,0,0,0,0,0,0,LEFT GUARD,32,OWN,0,,0,,0
2020092708,9/27/20,4,8,28,IND,NYJ,3,4,35,,1,,0,(8:28) (SHOTGUN) 7-J.BRISSETT PASS SHORT LEFT TO 11-M.PITTMAN TO IND 48 FOR 13 YARDS (31-B.AUSTIN).,0,,,2020,13,SHOTGUN,PASS,0,1,0,0,SHORT LEFT,0,0,0,,0,0,0,0,0,0,,35,OWN,0,,0,,0
2020092708,9/27/20,4,7,9,IND,NYJ,1,20,38,,0,,0,(7:09) (SHOTGUN) 7-J.BRISSETT PASS INCOMPLETE SHORT RIGHT TO 11-M.PITTMAN (35-P.DESIR).,0,,,2020,0,SHOTGUN,PASS,0,1,1,0,SHORT RIGHT,0,0,0,,0,0,0,0,0,0,,38,OWN,0,,0,,0
2020092708,9/27/20,4,7,1,IND,NYJ,2,20,38,,0,,0,(7:01) (SHOTGUN) 7-J.BRISSETT PASS SHORT RIGHT TO 11-M.PITTMAN TO IND 42 FOR 4 YARDS (20-M.MAYE).,0,,,2020,4,SHOTGUN,PASS,0,1,0,0,SHORT RIGHT,0,0,0,,0,0,0,0,0,0,,38,OWN,0,,0,,0
2020092708,9/27/20,4,6,23,IND,NYJ,3,16,42,,0,,0,(6:23) (SHOTGUN) 7-J.BRISSETT PASS INCOMPLETE SHORT RIGHT TO 86-N.TOGIAI.,0,,,2020,0,SHOTGUN,PASS,0,1,1,0,SHORT RIGHT,0,0,0,,0,0,0,0,0,0,,42,OWN,0,,0,,0
2020092708,9/27/20,4,6,18,IND,NYJ,4,16,42,,0,,0,"(6:18) 8-R.SANCHEZ PUNTS 50 YARDS TO NYJ 8, CENTER-46-L.RHODES, FAIR CATCH BY 15-C.HOGAN. PENALTY ON NYJ-25-N.HAIRSTON, OFFENSIVE HOLDING, 4 YARDS, ENFORCED AT NYJ 8.",0,,,2020,0,PUNT,PUNT,0,0,0,0,,0,0,0,,0,0,0,1,0,0,,42,OWN,1,NYJ,0,OFFENSIVE HOLDING,4
2020092708,9/27/20,4,4,44,IND,NYJ,1,5,49,,1,,0,(4:44) 20-J.WILKINS UP THE MIDDLE TO NYJ 29 FOR 22 YARDS (46-N.HEWITT). NYJ-30-B.MCDOUGALD WAS INJURED DURING THE PLAY.,0,,,2020,22,UNDER CENTER,RUSH,1,0,0,0,,0,0,0,,0,0,0,0,0,0,CENTER,49,OWN,0,,0,,0
2020092708,9/27/20,4,4,15,IND,NYJ,1,10,71,,0,,0,(4:15) (SHOTGUN) 20-J.WILKINS LEFT TACKLE TO NYJ 29 FOR NO GAIN (54-A.WILLIAMSON).,0,,,2020,0,SHOTGUN,RUSH,1,0,0,0,,0,0,0,,0,0,0,0,0,0,LEFT TACKLE,29,OPP,0,,0,,0
2020092708,9/27/20,4,3,33,IND,NYJ,2,10,71,,0,,0,(3:33) 20-J.WILKINS RIGHT END TO NYJ 26 FOR 3 YARDS (99-S.MCLENDON).,0,,,2020,3,UNDER CENTER,RUSH,1,0,0,0,,0,0,0,,0,0,0,0,0,0,RIGHT END,29,OPP,0,,0,,0
2020092708,9/27/20,4,2,50,IND,NYJ,3,7,74,,0,,0,"(2:50) 20-J.WILKINS UP THE MIDDLE TO NYJ 23 FOR 3 YARDS (41-M.FARLEY, 46-N.HEWITT).",0,,,2020,3,UNDER CENTER,RUSH,1,0,0,0,,0,0,0,,0,0,0,0,0,0,CENTER,26,OPP,0,,0,,0
2020092708,9/27/20,4,2,9,IND,NYJ,4,4,77,,0,,0,"(2:09) 3-R.BLANKENSHIP 41 YARD FIELD GOAL IS GOOD, CENTER-46-L.RHODES, HOLDER-8-R.SANCHEZ.",0,,,2020,0,FIELD GOAL,FIELD GOAL,0,0,0,0,,0,0,0,,0,0,0,0,0,0,,23,OPP,0,,0,,0
2020092708,9/27/20,4,1,13,IND,NYJ,1,10,70,,0,,0,(1:13) 7-J.BRISSETT KNEELS TO NYJ 30 FOR NO GAIN.,0,,,2020,0,UNDER CENTER,QB KNEEL,0,0,0,0,,0,0,0,,0,0,0,0,0,0,,30,OPP,0,,0,,0
2020092708,9/27/20,4,0,40,IND,NYJ,2,10,70,,0,,0,(:40) 7-J.BRISSETT KNEELS TO NYJ 30 FOR NO GAIN.,0,,,2020,0,UNDER CENTER,QB KNEEL,0,0,0,0,,0,0,0,,0,0,0,0,0,0,,30,OPP,0,,0,,0
2020100100,10/1/20,1,11,20,DEN,NYJ,1,10,8,,0,,0,(11:20) 25-M.GORDON UP THE MIDDLE TO DEN 13 FOR 5 YARDS (35-P.DESIR).,0,,,2020,5,UNDER CENTER,RUSH,1,0,0,0,,0,0,0,,0,0,0,0,0,0,CENTER,8,OWN,0,,0,,0
2020100100,10/1/20,1,10,41,DEN,NYJ,2,5,13,,1,,0,(10:41) 25-M.GORDON LEFT END TO DEN 28 FOR 15 YARDS (46-N.HEWITT; 31-B.AUSTIN).,0,,,2020,15,UNDER CENTER,RUSH,1,0,0,0,,0,0,0,,0,0,0,0,0,0,LEFT END,13,OWN,0,,0,,0
2020100100,10/1/20,1,9,58,DEN,NYJ,1,10,28,,0,,0,(9:58) (SHOTGUN) 25-M.GORDON LEFT GUARD TO DEN 33 FOR 5 YARDS (31-B.AUSTIN; 20-M.MAYE).,0,,,2020,5,SHOTGUN,RUSH,1,0,0,0,,0,0,0,,0,0,0,0,0,0,LEFT GUARD,28,OWN,0,,0,,0
2020100100,10/1/20,1,9,22,DEN,NYJ,2,5,33,,0,,0,(9:22) (SHOTGUN) 4-B.RYPIEN PASS SHORT LEFT TO 25-M.GORDON TO DEN 34 FOR 1 YARD (54-A.WILLIAMSON).,0,,,2020,1,SHOTGUN,PASS,0,1,0,0,SHORT LEFT,0,0,0,,0,0,0,0,0,0,,33,OWN,0,,0,,0
2020100100,10/1/20,1,8,29,DEN,NYJ,1,10,57,,0,,0,"(8:29) 25-M.GORDON UP THE MIDDLE TO NYJ 44 FOR -1 YARDS (20-M.MAYE, 96-H.ANDERSON).",0,,,2020,-1,UNDER CENTER,RUSH,1,0,0,0,,0,0,0,,0,0,0,0,0,0,CENTER,43,OPP,0,,0,,0
2020100100,10/1/20,1,7,52,DEN,NYJ,2,11,56,,1,,0,(7:52) (SHOTGUN) 4-B.RYPIEN PASS DEEP LEFT TO 81-T.PATRICK PUSHED OB AT NYJ 23 FOR 21 YARDS (30-B.MCDOUGALD).,0,,,2020,21,SHOTGUN,PASS,0,1,0,0,DEEP LEFT,0,0,0,,0,0,0,0,0,0,,44,OPP,0,,0,,0
2020100100,10/1/20,1,7,18,DEN,NYJ,1,10,77,,0,,0,(7:18) (SHOTGUN) 25-M.GORDON RIGHT TACKLE TO NYJ 21 FOR 2 YARDS (46-N.HEWITT).,0,,,2020,2,SHOTGUN,RUSH,1,0,0,0,,0,0,0,,0,0,0,0,0,0,RIGHT TACKLE,23,OPP,0,,0,,0
2020100100,10/1/20,1,6,42,DEN,NYJ,2,8,79,,0,,0,(6:42) (SHOTGUN) 4-B.RYPIEN PASS SHORT RIGHT TO 87-N.FANT TO NYJ 15 FOR 6 YARDS (30-B.MCDOUGALD) [46-N.HEWITT].,0,,,2020,6,SHOTGUN,PASS,0,1,0,0,SHORT RIGHT,0,0,0,,0,0,0,0,0,0,,21,OPP,0,,0,,0
2020100100,10/1/20,1,5,30,DEN,NYJ,3,7,80,,0,,0,"(5:30) (SHOTGUN) 4-B.RYPIEN PASS SHORT RIGHT TO 28-R.FREEMAN TO NYJ 22 FOR -2 YARDS (47-B.HUFF, 54-A.WILLIAMSON).",0,,,2020,-2,SHOTGUN,PASS,0,1,0,0,SHORT RIGHT,0,0,0,,0,0,0,0,0,0,,20,OPP,0,,0,,0
2020100100,10/1/20,1,4,48,DEN,NYJ,4,9,78,,0,,0,"(4:48) 8-B.MCMANUS 40 YARD FIELD GOAL IS GOOD, CENTER-46-J.BOBENMOYER, HOLDER-6-S.MARTIN. NYJ-99-S.MCLENDON WAS INJURED DURING THE PLAY.",0,,,2020,0,FIELD GOAL,FIELD GOAL,0,0,0,0,,0,0,0,,0,0,0,0,0,0,,22,OPP,0,,0,,0
2020100100,10/1/20,2,14,53,DEN,NYJ,1,10,30,,0,,0,(14:53) 25-M.GORDON RIGHT END TO DEN 30 FOR NO GAIN (20-M.MAYE).,0,,,2020,0,UNDER CENTER,RUSH,1,0,0,0,,0,0,0,,0,0,0,0,0,0,RIGHT END,30,OWN,0,,0,,0
2020100100,10/1/20,2,14,10,DEN,NYJ,2,10,30,,0,,0,(14:10) (SHOTGUN) 4-B.RYPIEN PASS SHORT MIDDLE TO 88-N.VANNETT TO DEN 37 FOR 7 YARDS (34-B.POOLE).,0,,,2020,7,SHOTGUN,PASS,0,1,0,0,SHORT MIDDLE,0,0,0,,0,0,0,0,0,0,,30,OWN,0,,0,,0
2020100100,10/1/20,2,13,17,DEN,NYJ,1,10,52,,1,,0,"(13:17) 4-B.RYPIEN PASS DEEP RIGHT TO 10-J.JEUDY FOR 48 YARDS, TOUCHDOWN.",0,,,2020,48,UNDER CENTER,PASS,0,1,0,1,DEEP RIGHT,0,0,0,,0,0,0,0,0,0,,48,OPP,0,,0,,0
2020100100,10/1/20,2,11,34,DEN,NYJ,1,10,35,,0,,0,"(11:34) (SHOTGUN) 25-M.GORDON LEFT TACKLE TO DEN 35 FOR NO GAIN (96-H.ANDERSON). PENALTY ON NYJ-52-A.OGLETREE, UNNECESSARY ROUGHNESS, 15 YARDS, ENFORCED AT DEN 35.",0,,,2020,0,SHOTGUN,RUSH,1,0,0,0,,0,0,0,,0,0,0,1,0,0,LEFT TACKLE,35,OWN,1,NYJ,0,UNNECESSARY ROUGHNESS,15
2020100100,10/1/20,2,11,11,DEN,NYJ,1,10,100,,0,,0,"(11:11) (SHOTGUN) 4-B.RYPIEN PASS INCOMPLETE SHORT RIGHT TO 17-D.HAMILTON. NEW YORK JETS CHALLENGED THE INCOMPLETE PASS RULING, AND THE PLAY WAS REVERSED. (SHOTGUN) 4-B.RYPIEN PASS SHORT RIGHT INTENDED FOR 17-D.HAMILTON INTERCEPTED BY 35-P.DESIR AT NYJ 37. 35-P.DESIR RAN OB AT NYJ 37 FOR NO GAIN.",0,,,2020,0,SHOTGUN,PASS,0,1,1,0,SHORT RIGHT,0,1,1,,0,1,0,0,0,0,,0,OPP,0,,0,,0
2020100100,10/1/20,2,6,21,DEN,NYJ,1,10,25,,0,,0,(6:21) (SHOTGUN) 4-B.RYPIEN PASS INCOMPLETE SHORT RIGHT.,0,,,2020,0,SHOTGUN,PASS,0,1,1,0,SHORT RIGHT,0,0,0,,0,0,0,0,0,0,,25,OWN,0,,0,,0
2020100100,10/1/20,2,6,15,DEN,NYJ,2,10,25,,0,,0,(6:15) 25-M.GORDON LEFT GUARD TO DEN 28 FOR 3 YARDS (34-B.POOLE).,0,,,2020,3,UNDER CENTER,RUSH,1,0,0,0,,0,0,0,,0,0,0,0,0,0,LEFT GUARD,25,OWN,0,,0,,0
2020100100,10/1/20,2,5,35,DEN,NYJ,3,7,28,,1,,0,(5:35) (SHOTGUN) 4-B.RYPIEN PASS DEEP RIGHT TO 81-T.PATRICK TO NYJ 32 FOR 40 YARDS (35-P.DESIR).,0,,,2020,40,SHOTGUN,PASS,0,1,0,0,DEEP RIGHT,0,0,0,,0,0,0,0,0,0,,28,OWN,0,,0,,0
2020100100,10/1/20,2,4,49,DEN,NYJ,1,10,68,,0,,0,(4:49) 28-R.FREEMAN UP THE MIDDLE TO NYJ 29 FOR 3 YARDS (46-N.HEWITT).,0,,,2020,3,UNDER CENTER,RUSH,1,0,0,0,,0,0,0,,0,0,0,0,0,0,CENTER,32,OPP,0,,0,,0
2020100100,10/1/20,2,3,44,DEN,NYJ,2,17,61,,0,,0,(3:44) (SHOTGUN) 4-B.RYPIEN PASS SHORT RIGHT TO 87-N.FANT PUSHED OB AT NYJ 28 FOR 11 YARDS (35-P.DESIR).,0,,,2020,11,SHOTGUN,PASS,0,1,0,0,SHORT RIGHT,0,0,0,,0,0,0,0,0,0,,39,OPP,0,,0,,0
2020100100,10/1/20,2,3,4,DEN,NYJ,3,6,72,,1,,0,(3:04) (SHOTGUN) 4-B.RYPIEN PASS SHORT RIGHT TO 17-D.HAMILTON TO NYJ 19 FOR 9 YARDS (35-P.DESIR).,0,,,2020,9,SHOTGUN,PASS,0,1,0,0,SHORT RIGHT,0,0,0,,0,0,0,0,0,0,,28,OPP,0,,0,,0
2020100100,10/1/20,2,2,20,DEN,NYJ,1,10,81,,0,,0,"(2:20) #9 DRISKEL IN AT QB. (SHOTGUN) 9-J.DRISKEL RIGHT END TO NYJ 10 FOR 9 YARDS (30-B.MCDOUGALD). PENALTY ON NYJ-30-B.MCDOUGALD, UNNECESSARY ROUGHNESS, 5 YARDS, ENFORCED AT NYJ 10.",0,,,2020,9,SHOTGUN,RUSH,1,0,0,0,,0,0,0,,0,0,0,1,0,0,RIGHT END,19,OPP,1,NYJ,0,UNNECESSARY ROUGHNESS,5
2020100100,10/1/20,2,2,0,DEN,NYJ,1,5,95,,0,,0,"(2:00) #4 RYPIEN IN AT QB. 25-M.GORDON UP THE MIDDLE TO NYJ 1 FOR 4 YARDS (30-B.MCDOUGALD, 46-N.HEWITT).",0,,,2020,4,UNDER CENTER,RUSH,1,0,0,0,,0,0,0,,0,0,0,0,0,0,CENTER,5,OPP,0,,0,,0
2020100100,10/1/20,2,1,39,DEN,NYJ,2,1,99,,1,,0,"(1:39) 25-M.GORDON UP THE MIDDLE TO NYJ 1 FOR NO GAIN (52-A.OGLETREE). THE REPLAY OFFICIAL REVIEWED THE SHORT OF THE GOAL LINE RULING, AND THE PLAY WAS REVERSED. 25-M.GORDON UP THE MIDDLE FOR 1 YARD, TOUCHDOWN.",0,,,2020,1,UNDER CENTER,RUSH,1,0,0,1,,0,0,0,,0,0,0,0,0,0,CENTER,1,OPP,0,,0,,0
2020100100,10/1/20,2,0,15,DEN,NYJ,1,10,25,,0,,0,(:15) 4-B.RYPIEN KNEELS TO DEN 24 FOR -1 YARDS.,0,,,2020,0,UNDER CENTER,QB KNEEL,0,0,0,0,,0,0,0,,0,0,0,0,0,0,,25,OWN,0,,0,,0
2020100100,10/1/20,3,15,0,DEN,NYJ,1,10,25,,0,,0,(15:00) 25-M.GORDON RIGHT GUARD TO DEN 24 FOR -1 YARDS (95-Q.WILLIAMS).,0,,,2020,-1,UNDER CENTER,RUSH,1,0,0,0,,0,0,0,,0,0,0,0,0,0,RIGHT GUARD,25,OWN,0,,0,,0
2020100100,10/1/20,3,14,20,DEN,NYJ,2,11,24,,0,,0,(14:20) (SHOTGUN) 4-B.RYPIEN PASS SHORT RIGHT TO 87-N.FANT PUSHED OB AT DEN 27 FOR 3 YARDS (35-P.DESIR).,0,,,2020,3,SHOTGUN,PASS,0,1,0,0,SHORT RIGHT,0,0,0,,0,0,0,0,0,0,,24,OWN,0,,0,,0
2020100100,10/1/20,3,13,40,DEN,NYJ,3,8,27,,0,,0,(13:40) (SHOTGUN) 4-B.RYPIEN PASS INCOMPLETE SHORT RIGHT TO 81-T.PATRICK (38-L.JACKSON).,0,,,2020,0,SHOTGUN,PASS,0,1,1,0,SHORT RIGHT,0,0,0,,0,0,0,0,0,0,,27,OWN,0,,0,,0
2020100100,10/1/20,3,13,34,DEN,NYJ,4,13,22,,0,,0,"(13:34) 6-S.MARTIN PUNTS 49 YARDS TO NYJ 29, CENTER-46-J.BOBENMOYER. 10-B.BERRIOS TO NYJ 40 FOR 11 YARDS (59-M.REED).",0,,,2020,0,PUNT,PUNT,0,0,0,0,,0,0,0,,0,0,0,0,0,0,,22,OWN,0,,0,,0
2020100100,10/1/20,3,11,23,DEN,NYJ,1,10,25,,0,,0,(11:23) (SHOTGUN) 4-B.RYPIEN PASS INCOMPLETE SHORT MIDDLE TO 87-N.FANT (54-A.WILLIAMSON).,0,,,2020,0,SHOTGUN,PASS,0,1,1,0,SHORT MIDDLE,0,0,0,,0,0,0,0,0,0,,25,OWN,0,,0,,0
2020100100,10/1/20,3,11,17,DEN,NYJ,2,10,25,,0,,0,(11:17) 25-M.GORDON LEFT GUARD TO DEN 31 FOR 6 YARDS (54-A.WILLIAMSON; 46-N.HEWITT).,0,,,2020,6,UNDER CENTER,RUSH,1,0,0,0,,0,0,0,,0,0,0,0,0,0,LEFT GUARD,25,OWN,0,,0,,0
2020100100,10/1/20,3,10,28,DEN,NYJ,3,4,31,,1,,0,(10:28) (SHOTGUN) 4-B.RYPIEN PASS SHORT LEFT TO 28-R.FREEMAN TO DEN 39 FOR 8 YARDS (38-L.JACKSON).,0,,,2020,8,SHOTGUN,PASS,0,1,0,0,SHORT LEFT,0,0,0,,0,0,0,0,0,0,,31,OWN,0,,0,,0
2020100100,10/1/20,3,9,49,DEN,NYJ,1,10,39,,0,,0,(9:49) 28-R.FREEMAN UP THE MIDDLE TO DEN 40 FOR 1 YARD (95-Q.WILLIAMS; 47-B.HUFF).,0,,,2020,1,UNDER CENTER,RUSH,1,0,0,0,,0,0,0,,0,0,0,0,0,0,CENTER,39,OWN,0,,0,,0
2020100100,10/1/20,3,9,9,DEN,NYJ,2,9,40,,1,,0,(9:09) 25-M.GORDON LEFT GUARD TO NYJ 41 FOR 19 YARDS (34-B.POOLE).,0,,,2020,19,UNDER CENTER,RUSH,1,0,0,0,,0,0,0,,0,0,0,0,0,0,LEFT GUARD,40,OWN,0,,0,,0
2020100100,10/1/20,3,8,29,DEN,NYJ,1,10,59,,0,,0,(8:29) (SHOTGUN) 4-B.RYPIEN PASS SHORT RIGHT TO 87-N.FANT TO NYJ 35 FOR 6 YARDS (54-A.WILLIAMSON).,0,,,2020,6,SHOTGUN,PASS,0,1,0,0,SHORT RIGHT,0,0,0,,0,0,0,0,0,0,,41,OPP,0,,0,,0
2020100100,10/1/20,3,7,42,DEN,NYJ,2,4,65,,1,,0,(7:42) (SHOTGUN) 4-B.RYPIEN PASS SHORT MIDDLE TO 10-J.JEUDY TO NYJ 22 FOR 13 YARDS (34-B.POOLE).,0,,,2020,13,SHOTGUN,PASS,0,1,0,0,SHORT MIDDLE,0,0,0,,0,0,0,0,0,0,,35,OPP,0,,0,,0
2020100100,10/1/20,3,6,58,DEN,NYJ,1,10,78,,0,,0,"(6:58) 25-M.GORDON UP THE MIDDLE TO NYJ 20 FOR 2 YARDS (47-B.HUFF, 54-A.WILLIAMSON).",0,,,2020,2,UNDER CENTER,RUSH,1,0,0,0,,0,0,0,,0,0,0,0,0,0,CENTER,22,OPP,0,,0,,0
2020100100,10/1/20,3,6,11,DEN,NYJ,2,8,80,,0,,0,(6:11) (SHOTGUN) 4-B.RYPIEN PASS INCOMPLETE SHORT LEFT TO 10-J.JEUDY.,0,,,2020,0,SHOTGUN,PASS,0,1,1,0,SHORT LEFT,0,0,0,,0,0,0,0,0,0,,20,OPP,0,,0,,0
2020100100,10/1/20,3,6,6,DEN,NYJ,3,8,80,,1,,0,(6:06) (SHOTGUN) 4-B.RYPIEN PASS SHORT LEFT TO 87-N.FANT TO NYJ 11 FOR 9 YARDS (30-B.MCDOUGALD) [93-T.BASHAM]. DEN-87-N.FANT WAS INJURED DURING THE PLAY.,0,,,2020,9,SHOTGUN,PASS,0,1,0,0,SHORT LEFT,0,0,0,,0,0,0,0,0,0,,20,OPP,0,,0,,0
2020100100,10/1/20,3,5,24,DEN,NYJ,1,10,89,,0,,0,(5:24) (SHOTGUN) 4-B.RYPIEN PASS INCOMPLETE SHORT RIGHT.,0,,,2020,0,SHOTGUN,PASS,0,1,1,0,SHORT RIGHT,0,0,0,,0,0,0,0,0,0,,11,OPP,0,,0,,0
2020100100,10/1/20,3,5,19,DEN,NYJ,2,10,89,,0,,0,(5:19) 25-M.GORDON LEFT TACKLE TO NYJ 7 FOR 4 YARDS (54-A.WILLIAMSON).,0,,,2020,4,UNDER CENTER,RUSH,1,0,0,0,,0,0,0,,0,0,0,0,0,0,LEFT TACKLE,11,OPP,0,,0,,0
2020100100,10/1/20,3,4,35,DEN,NYJ,3,6,93,,1,,0,"(4:35) (SHOTGUN) 4-B.RYPIEN PASS SHORT MIDDLE TO 81-T.PATRICK FOR 7 YARDS, TOUCHDOWN.",0,,,2020,7,SHOTGUN,PASS,0,1,0,1,SHORT MIDDLE,0,0,0,,0,0,0,0,0,0,,7,OPP,0,,0,,0
2020100100,10/1/20,3,0,52,DEN,NYJ,1,10,56,,0,,0,(:52) (SHOTGUN) 25-M.GORDON LEFT GUARD TO NYJ 42 FOR 2 YARDS (46-N.HEWITT).,0,,,2020,2,SHOTGUN,RUSH,1,0,0,0,,0,0,0,,0,0,0,0,0,0,LEFT GUARD,44,OPP,0,,0,,0
2020100100,10/1/20,3,0,17,DEN,NYJ,2,8,58,,0,,0,(:17) (SHOTGUN) 25-M.GORDON RIGHT TACKLE TO NYJ 43 FOR -1 YARDS (46-N.HEWITT).,0,,,2020,-1,SHOTGUN,RUSH,1,0,0,0,,0,0,0,,0,0,0,0,0,0,RIGHT TACKLE,42,OPP,0,,0,,0
2020100100,10/1/20,4,15,0,DEN,NYJ,3,9,57,,0,,0,(15:00) (SHOTGUN) 4-B.RYPIEN PASS SHORT LEFT TO 81-T.PATRICK TO NYJ 36 FOR 7 YARDS (35-P.DESIR) [93-T.BASHAM].,0,,,2020,7,SHOTGUN,PASS,0,1,0,0,SHORT LEFT,0,0,0,,0,0,0,0,0,0,,43,OPP,0,,0,,0
2020100100,10/1/20,4,14,15,DEN,NYJ,4,2,64,,0,,0,"(14:15) 8-B.MCMANUS 54 YARD FIELD GOAL IS GOOD, CENTER-46-J.BOBENMOYER, HOLDER-6-S.MARTIN.",0,,,2020,0,FIELD GOAL,FIELD GOAL,0,0,0,0,,0,0,0,,0,0,0,0,0,0,,36,OPP,0,,0,,0
2020100100,10/1/20,4,11,44,DEN,NYJ,1,10,25,,0,,0,(11:44) (SHOTGUN) 4-B.RYPIEN PASS INCOMPLETE SHORT LEFT TO 80-J.BUTT (94-F.FATUKASI).,0,,,2020,0,SHOTGUN,PASS,0,1,1,0,SHORT LEFT,0,0,0,,0,0,0,0,0,0,,25,OWN,0,,0,,0
2020100100,10/1/20,4,11,39,DEN,NYJ,2,10,25,,0,,0,(11:39) 25-M.GORDON LEFT END TO DEN 25 FOR NO GAIN (95-Q.WILLIAMS).,0,,,2020,0,UNDER CENTER,RUSH,1,0,0,0,,0,0,0,,0,0,0,0,0,0,LEFT END,25,OWN,0,,0,,0
2020100100,10/1/20,4,10,56,DEN,NYJ,3,10,25,,1,,0,"(10:56) (SHOTGUN) 4-B.RYPIEN PASS SHORT RIGHT INTENDED FOR 10-J.JEUDY INTERCEPTED BY 35-P.DESIR [91-J.FRANKLIN] AT DEN 35. 35-P.DESIR FOR 35 YARDS, TOUCHDOWN.",0,,,2020,35,SHOTGUN,PASS,0,1,0,1,SHORT RIGHT,0,0,0,,0,1,0,0,0,0,,25,OWN,0,,0,,0
2020100100,10/1/20,4,10,45,DEN,NYJ,1,10,25,,0,,0,"(10:45) 25-M.GORDON RIGHT GUARD TO DEN 27 FOR 2 YARDS (99-S.MCLENDON, 98-K.PHILLIPS).",0,,,2020,2,UNDER CENTER,RUSH,1,0,0,0,,0,0,0,,0,0,0,0,0,0,RIGHT GUARD,25,OWN,0,,0,,0
2020100100,10/1/20,4,10,3,DEN,NYJ,2,8,27,,1,,0,(10:03) (SHOTGUN) 4-B.RYPIEN PASS SHORT RIGHT TO 25-M.GORDON TO DEN 37 FOR 10 YARDS (35-P.DESIR).,0,,,2020,10,SHOTGUN,PASS,0,1,0,0,SHORT RIGHT,0,0,0,,0,0,0,0,0,0,,27,OWN,0,,0,,0
2020100100,10/1/20,4,9,23,DEN,NYJ,1,10,37,,0,,0,(9:23) 28-R.FREEMAN UP THE MIDDLE TO DEN 39 FOR 2 YARDS (46-N.HEWITT; 35-P.DESIR).,0,,,2020,2,UNDER CENTER,RUSH,1,0,0,0,,0,0,0,,0,0,0,0,0,0,CENTER,37,OWN,0,,0,,0
2020100100,10/1/20,4,8,43,DEN,NYJ,2,8,39,,0,,0,(8:43) (SHOTGUN) 4-B.RYPIEN PASS SHORT RIGHT INTENDED FOR 88-N.VANNETT INTERCEPTED BY 34-B.POOLE AT DEN 46. 34-B.POOLE TO DEN 44 FOR 2 YARDS (88-N.VANNETT).,0,,,2020,2,SHOTGUN,PASS,0,1,0,0,SHORT RIGHT,0,0,0,,0,1,0,0,0,0,,39,OWN,0,,0,,0
2020100100,10/1/20,4,6,23,DEN,NYJ,1,10,25,,0,,0,(6:23) (SHOTGUN) 25-M.GORDON LEFT TACKLE TO DEN 22 FOR -3 YARDS (52-A.OGLETREE).,0,,,2020,-3,SHOTGUN,RUSH,1,0,0,0,,0,0,0,,0,0,0,0,0,0,LEFT TACKLE,25,OWN,0,,0,,0
2020100100,10/1/20,4,5,49,DEN,NYJ,2,13,22,,0,,0,(5:49) (SHOTGUN) 4-B.RYPIEN PASS SHORT LEFT TO 81-T.PATRICK TO DEN 29 FOR 7 YARDS (46-N.HEWITT).,0,,,2020,7,SHOTGUN,PASS,0,1,0,0,SHORT LEFT,0,0,0,,0,0,0,0,0,0,,22,OWN,0,,0,,0
2020100100,10/1/20,4,4,59,DEN,NYJ,1,10,44,,0,,0,(4:59) (SHOTGUN) 25-M.GORDON RIGHT GUARD TO DEN 47 FOR 3 YARDS (98-K.PHILLIPS; 99-S.MCLENDON).,0,,,2020,3,SHOTGUN,RUSH,1,0,0,0,,0,0,0,,0,0,0,0,0,0,RIGHT GUARD,44,OWN,0,,0,,0
2020100100,10/1/20,4,4,18,DEN,NYJ,2,7,47,,0,,0,(4:18) (SHOTGUN) 4-B.RYPIEN PASS INCOMPLETE DEEP LEFT TO 17-D.HAMILTON [91-J.FRANKLIN].,0,,,2020,0,SHOTGUN,PASS,0,1,1,0,DEEP LEFT,0,0,0,,0,0,0,0,0,0,,47,OWN,0,,0,,0
2020100100,10/1/20,4,4,11,DEN,NYJ,3,7,47,,1,,0,(4:11) (SHOTGUN) 4-B.RYPIEN PASS DEEP LEFT TO 81-T.PATRICK RAN OB AT NYJ 22 FOR 31 YARDS.,0,,,2020,31,SHOTGUN,PASS,0,1,0,0,DEEP LEFT,0,0,0,,0,0,0,0,0,0,,47,OWN,0,,0,,0
2020100100,10/1/20,4,4,6,DEN,NYJ,1,10,78,,0,,0,(4:06) 25-M.GORDON LEFT END TO NYJ 25 FOR -3 YARDS (38-L.JACKSON).,0,,,2020,-3,UNDER CENTER,RUSH,1,0,0,0,,0,0,0,,0,0,0,0,0,0,LEFT END,22,OPP,0,,0,,0
2020100100,10/1/20,4,3,21,DEN,NYJ,2,13,75,,0,,0,(3:21) (SHOTGUN) 4-B.RYPIEN PASS INCOMPLETE SHORT MIDDLE TO 25-M.GORDON.,0,,,2020,0,SHOTGUN,PASS,0,1,1,0,SHORT MIDDLE,0,0,0,,0,0,0,0,0,0,,25,OPP,0,,0,,0
2020100100,10/1/20,4,3,17,DEN,NYJ,3,13,75,,0,,0,"(3:17) (SHOTGUN) 4-B.RYPIEN PASS INCOMPLETE SHORT LEFT. PENALTY ON DEN-4-B.RYPIEN, INTENTIONAL GROUNDING, 10 YARDS, ENFORCED AT NYJ 25.",0,,,2020,0,SHOTGUN,PASS,0,1,1,0,SHORT LEFT,0,0,0,,0,0,0,1,0,0,,25,OPP,1,DEN,0,INTENTIONAL GROUNDING,10
2020100100,10/1/20,4,3,13,DEN,NYJ,4,23,65,,0,,0,"(3:13) 8-B.MCMANUS 53 YARD FIELD GOAL IS GOOD, CENTER-46-J.BOBENMOYER, HOLDER-6-S.MARTIN.",0,,,2020,0,FIELD GOAL,FIELD GOAL,0,0,0,0,,0,0,0,,0,0,0,0,0,0,,35,OPP,0,,0,,0
2020100100,10/1/20,4,2,0,DEN,NYJ,1,10,57,,1,,0,"(2:00) 25-M.GORDON LEFT END FOR 43 YARDS, TOUCHDOWN.",0,,,2020,43,UNDER CENTER,RUSH,1,0,0,1,,0,0,0,,0,0,0,0,0,0,LEFT END,43,OPP,0,,0,,0
2020100100,10/1/20,4,1,3,DEN,NYJ,1,10,69,,0,,0,(1:03) 4-B.RYPIEN KNEELS TO NYJ 32 FOR -1 YARDS.,0,,,2020,0,UNDER CENTER,QB KNEEL,0,0,0,0,,0,0,0,,0,0,0,0,0,0,,31,OPP,0,,0,,0
2020100100,10/1/20,4,0,59,DEN,NYJ,2,11,68,,0,,0,(:59) 4-B.RYPIEN KNEELS TO NYJ 33 FOR -1 YARDS.,0,,,2020,0,UNDER CENTER,QB KNEEL,0,0,0,0,,0,0,0,,0,0,0,0,0,0,,32,OPP,0,,0,,0
2020100100,10/1/20,4,0,57,DEN,NYJ,3,12,67,,0,,0,(:57) 4-B.RYPIEN KNEELS TO NYJ 34 FOR -1 YARDS.,0,,,2020,0,UNDER CENTER,QB KNEEL,0,0,0,0,,0,0,0,,0,0,0,0,0,0,,33,OPP,0,,0,,0
2020100100,10/1/20,4,0,3,DEN,NYJ,1,10,81,,0,,0,(:03) 4-B.RYPIEN KNEELS TO NYJ 20 FOR -1 YARDS.,0,,,2020,0,UNDER CENTER,QB KNEEL,0,0,0,0,,0,0,0,,0,0,0,0,0,0,,19,OPP,0,,0,,0